CRIM,ZN,INDUS,CHAS,NOX,RM,AGE,DIS,RAD,TAX,PTRATIO,B,LSTAT,MEDV
0.0,0.18,0.06781524926686218,0.0,0.3091286307053943,0.5775052692086607,0.6416065911431514,0.26920313906646415,0.0,0.20801526717557245,0.2872340425531916,1.0000000000000002,0.08967991169977926,0.4222222222222222
0.0002359225391784276,0.0,0.2423020527859238,0.0,0.1659751037344397,0.5479977007089482,0.7826982492276005,0.3489619801944185,0.043478260869565216,0.10496183206106868,0.5531914893617023,1.0000000000000002,0.2044701986754967,0.36888888888888893
0.00023569774400055392,0.0,0.2423020527859238,0.0,0.1659751037344397,0.6943858976815481,0.5993820803295572,0.3489619801944185,0.043478260869565216,0.10496183206106868,0.5531914893617023,0.9896779102206442,0.06346578366445917,0.66
0.00029279571918046875,0.0,0.06304985337243403,0.0,0.1431535269709543,0.6585552787890402,0.44181256436663235,0.44854458983895457,0.08695652173913043,0.06679389312977096,0.6489361702127658,0.9942429622115142,0.03338852097130243,0.6311111111111111
0.000264471526768385,0.0,0.06304985337243403,0.0,0.1431535269709543,0.5497221689978923,0.5746652935118435,0.44854458983895457,0.08695652173913043,0.06679389312977096,0.6489361702127658,0.992949530814101,0.09602649006622516,0.5266666666666666
0.0015536718718739421,0.125,0.27162756598240473,0.0,0.2800829875518672,0.5002874113814907,0.9598352214212151,0.43838718184215547,0.17391304347826086,0.2366412213740458,0.2765957446808509,1.0000000000000002,0.4806843267108167,0.4911111111111112
0.0023032513924937294,0.125,0.27162756598240473,0.0,0.2800829875518672,0.3966277064571758,1.0,0.4503541907264775,0.17391304347826086,0.2366412213740458,0.2765957446808509,0.9739538422520924,0.7781456953642383,0.2555555555555556
0.002456674101392516,0.125,0.27162756598240473,0.0,0.2800829875518672,0.5395669668518873,0.94129763130793,0.4744155171002738,0.17391304347826086,0.2366412213740458,0.2765957446808509,0.9888917068222166,0.5165562913907285,0.22222222222222227
0.0012492992010329788,0.125,0.27162756598240473,0.0,0.2800829875518672,0.469055374592834,0.82389289392379,0.4635033509443571,0.17391304347826086,0.2366412213740458,0.2765957446808509,1.0000000000000002,0.31843267108167767,0.3088888888888889
0.0009830293128416045,0.125,0.27162756598240473,0.0,0.2800829875518672,0.4460624640735774,0.3717816683831102,0.3929561967463558,0.17391304347826086,0.2366412213740458,0.2765957446808509,0.9837687040324626,0.38576158940397354,0.3711111111111111
0.007007315284678365,0.0,0.28152492668621704,0.0,0.3091286307053943,0.4575589193332056,0.6065911431513903,0.325355327410452,0.13043478260869565,0.22900763358778625,0.8936170212765959,1.0000000000000002,0.1801876379690949,0.3422222222222222
0.006980677056100335,0.0,0.28152492668621704,0.0,0.3091286307053943,0.4355240467522513,0.5520082389289392,0.3063590648273604,0.13043478260869565,0.22900763358778625,0.8936170212765959,0.9967537408064925,0.1859823399558499,0.3311111111111111
0.011774883814612317,0.0,0.28152492668621704,0.0,0.3091286307053943,0.45487641310595894,0.2718846549948507,0.3063590648273604,0.13043478260869565,0.22900763358778625,0.8936170212765959,0.9745117930509766,0.13383002207505518,0.4022222222222223
0.008743183648218926,0.0,0.28152492668621704,0.0,0.3091286307053943,0.46541483042728504,0.811534500514933,0.2844710782129509,0.13043478260869565,0.22900763358778625,0.8936170212765959,0.9742581790514837,0.35706401766004414,0.2777777777777778
0.008951231585341017,0.0,0.28152492668621704,0.0,0.3091286307053943,0.3630963786165934,0.34706488156539655,0.24251379934345135,0.13043478260869565,0.22900763358778625,0.8936170212765959,0.7263251331473498,0.2748344370860927,0.3377777777777778
0.008086781728827779,0.0,0.28152492668621704,0.0,0.3091286307053943,0.41502203487258094,0.685890834191555,0.24251379934345135,0.13043478260869565,0.22900763358778625,0.8936170212765959,0.9849099670301801,0.26352097130242824,0.29333333333333333
0.013998782509316635,0.0,0.28152492668621704,0.0,0.3091286307053943,0.384939643609887,0.98043254376931,0.24264110794860366,0.13043478260869565,0.22900763358778625,0.8936170212765959,0.9484402739031195,0.5322847682119205,0.19111111111111112
0.009505688891566449,0.0,0.28152492668621704,0.0,0.3091286307053943,0.46062464073577314,0.8887744593202884,0.2621375114805081,0.13043478260869565,0.22900763358778625,0.8936170212765959,0.9889170682221659,0.33388520971302427,0.3244444444444445
0.01378163036749066,0.0,0.28152492668621704,0.0,0.3091286307053943,0.4945391837516767,0.9145211122554068,0.25891842246451274,0.13043478260869565,0.22900763358778625,0.8936170212765959,1.0000000000000002,0.46881898454746135,0.22666666666666668
0.011038679607076014,0.0,0.28152492668621704,0.0,0.3091286307053943,0.43150028741138147,1.0,0.26967599959988725,0.13043478260869565,0.22900763358778625,0.8936170212765959,0.9940147096119706,0.5008278145695364,0.21111111111111114
0.00836170623136729,0.0,0.28152492668621704,0.0,0.3091286307053943,0.4527687296416939,0.9392378990731204,0.2973565277487292,0.13043478260869565,0.22900763358778625,0.8936170212765959,0.9934821202130358,0.40204194260485654,0.23555555555555557
0.009376431664289083,0.0,0.28152492668621704,0.0,0.3091286307053943,0.3904962636520407,0.8527291452111225,0.30235793723685767,0.13043478260869565,0.22900763358778625,0.8936170212765959,0.7629216332741569,0.4078366445916115,0.19777777777777783
0.007481071122047147,0.0,0.28152492668621704,0.0,0.3091286307053943,0.43150028741138147,0.9001029866117405,0.32303649210231977,0.13043478260869565,0.22900763358778625,0.8936170212765959,0.9492264773015471,0.3609271523178808,0.25777777777777783
0.010671589081608293,0.0,0.28152492668621704,0.0,0.3091286307053943,0.4763364629239316,0.8846549948506693,0.30224881557529854,0.13043478260869565,0.22900763358778625,0.8936170212765959,0.7704286076591428,0.429083885209713,0.2177777777777778
0.008617185951020727,0.0,0.28152492668621704,0.0,0.3091286307053943,0.562176662195823,0.9423274974253347,0.3023670307086542,0.13043478260869565,0.22900763358778625,0.8936170212765959,0.9772761856454477,0.30546357615894043,0.29777777777777775
0.011196261026765464,0.0,0.28152492668621704,0.0,0.3091286307053943,0.5964744203870475,0.8692070030895983,0.282752412043394,0.13043478260869565,0.22900763358778625,0.8936170212765959,0.957722546284555,0.2828366445916115,0.35555555555555557
0.012638996478358745,0.0,0.28152492668621704,0.0,0.3091286307053943,0.4123395286453343,0.9392378990731204,0.2822068037355982,0.13043478260869565,0.22900763358778625,0.8936170212765959,0.9068475779863049,0.5758830022075054,0.1711111111111111
0.015155690892243532,0.0,0.28152492668621704,0.0,0.3091286307053943,0.4811266526154435,1.0,0.2769325900935718,0.13043478260869565,0.22900763358778625,0.8936170212765959,0.948846056302308,0.31208609271523174,0.21111111111111114
0.015529637670636401,0.0,0.28152492668621704,0.0,0.3091286307053943,0.45775052692086604,0.8146240988671473,0.260109667269867,0.13043478260869565,0.22900763358778625,0.8936170212765959,0.5833121988333756,0.7168874172185431,0.18222222222222223
0.012874019836825677,0.0,0.28152492668621704,0.0,0.3091286307053943,0.4100402375934086,0.9485066941297631,0.24166810646636777,0.13043478260869565,0.22900763358778625,0.8936170212765959,0.903296981993406,0.4586092715231788,0.18
0.018056672662703374,0.0,0.28152492668621704,0.0,0.3091286307053943,0.48572523471929496,0.9680741503604532,0.2391764951941001,0.13043478260869565,0.22900763358778625,0.8936170212765959,0.6231549581536902,0.5135209713024282,0.18888888888888888
0.0008297190015317544,0.0,0.20161290322580644,0.0,0.22821576763485474,0.43858976815481887,0.39752832131822863,0.25503551000736574,0.17391304347826086,0.17557251908396948,0.7021276595744679,1.0000000000000002,0.19426048565121412,0.35555555555555557
0.0018964845181313047,0.0,0.20161290322580644,0.0,0.22821576763485474,0.4608162483234336,0.28115345005149334,0.24713328301612275,0.17391304347826086,0.17557251908396948,0.7021276595744679,0.9911995942176008,0.2317880794701987,0.43777777777777777
0.00023951926202440645,0.75,0.09127565982404694,0.0,0.08091286307053935,0.5813374209618701,0.1946446961894954,0.38842764779165034,0.08695652173913043,0.12404580152671751,0.6063829787234043,0.996779102206442,0.07146799116997793,0.5733333333333334
0.00030650822503076327,0.75,0.09127565982404694,0.0,0.08091286307053935,0.6635370760682123,0.13285272914521115,0.38842764779165034,0.08695652173913043,0.12404580152671751,0.6063829787234043,0.9967537408064925,0.006898454746136866,0.6644444444444444
0.0013613595972030085,0.0,0.23643695014662755,0.0,0.12240663900414939,0.6148687488024526,0.0,0.41750857059716834,0.08695652173913043,0.08778625954198471,0.5638297872340423,0.9708597514582806,0.0858167770419426,0.48000000000000004
0.0015193906072482057,0.0,0.23643695014662755,0.0,0.12240663900414939,0.4997125886185093,0.03810504634397528,0.41750857059716834,0.08695652173913043,0.08778625954198471,0.5638297872340423,0.9656860258686281,0.11258278145695363,0.4511111111111112
0.0013079707424580092,0.0,0.23643695014662755,0.0,0.12240663900414939,0.48055182985246214,0.3820803295571576,0.41750857059716834,0.08695652173913043,0.08778625954198471,0.5638297872340423,0.9809535886380929,0.21578366445916114,0.36
0.0018556841933472315,0.0,0.23643695014662755,0.0,0.12240663900414939,0.40639969342785986,0.31822863027806386,0.3610835780992825,0.08695652173913043,0.08778625954198471,0.5638297872340423,1.0000000000000002,0.2339955849889625,0.3177777777777778
0.002046085709006239,0.0,0.23643695014662755,0.0,0.12240663900414939,0.42632688254454865,0.31307929969104015,0.3610835780992825,0.08695652173913043,0.08778625954198471,0.5638297872340423,1.0000000000000002,0.34271523178807944,0.33333333333333337
0.002782402314131479,0.0,0.23643695014662755,0.0,0.12240663900414939,0.35217474611994637,0.9515962924819773,0.43106693704589477,0.08695652173913043,0.08778625954198471,0.5638297872340423,1.0000000000000002,0.8024282560706402,0.2088888888888889
0.002399126535856854,0.0,0.23643695014662755,0.0,0.12240663900414939,0.3910710864150221,0.6086508753861998,0.45086342514708694,0.08695652173913043,0.08778625954198471,0.5638297872340423,1.0000000000000002,0.3992825607064017,0.32
0.0009262685304285002,0.21,0.18988269794721407,0.0,0.10373443983402486,0.4602414255604522,0.44078269824922767,0.5169729651083488,0.13043478260869565,0.10687022900763354,0.44680851063829796,0.9966015724067968,0.32339955849889623,0.32666666666666666
0.0005314158004933805,0.21,0.18988269794721407,0.0,0.10373443983402486,0.5652423835983905,0.18743563336766222,0.5169729651083488,0.13043478260869565,0.10687022900763354,0.44680851063829796,1.0000000000000002,0.09795805739514349,0.4444444444444445
8.182544474601967e-05,0.75,0.12976539589442815,0.0,0.0435684647302903,0.44587085648591673,0.4603501544799177,0.5628949976811648,0.08695652173913043,0.5381679389312977,0.9042553191489362,1.0000000000000002,0.3606512141280353,0.3088888888888889
7.63179628881145e-05,0.9,0.02785923753665689,0.0,0.02904564315352698,0.7066487832918183,0.1956745623069001,0.6881030108485119,0.17391304347826086,0.07442748091603052,0.5638297872340423,0.9975399442049201,0.08498896247240617,0.6755555555555555
0.00015994176905712357,0.85,0.010263929618768326,0.0,0.0435684647302903,0.5407166123778501,0.3377960865087539,0.7327519573698043,0.043478260869565216,0.24045801526717553,0.5,1.0000000000000002,0.11147902869757173,0.43777777777777777
8.991807114947215e-05,1.0,0.03152492668621701,0.0,0.0456431535269709,0.6236826978348343,0.3872296601441813,0.6542934827087634,0.17391304347826086,0.13167938931297707,0.26595744680851063,0.9898554400202891,0.06125827814569537,0.5911111111111111
0.001664945484921414,0.25,0.17118768328445746,0.0,0.13278008298755184,0.49511400651465787,0.27085478887744596,0.6079167765461176,0.30434782608695654,0.1851145038167939,0.7553191489361701,0.9842252092315497,0.14155629139072848,0.4066666666666667
0.0010898070223316026,0.25,0.17118768328445746,0.0,0.13278008298755184,0.45334355240467505,0.4562306900102987,0.5276396075257573,0.30434782608695654,0.1851145038167939,0.7553191489361701,1.0000000000000002,0.20667770419426051,0.3244444444444445
0.001607285521796815,0.25,0.17118768328445746,0.0,0.13278008298755184,0.4177045410998276,0.6519052523171988,0.5543198537769736,0.30434782608695654,0.1851145038167939,0.7553191489361701,0.9954603094090794,0.315121412803532,0.30444444444444446
0.0018589437234264,0.25,0.17118768328445746,0.0,0.13278008298755184,0.4608162483234336,0.9320288362512874,0.5173185170366195,0.30434782608695654,0.1851145038167939,0.7553191489361701,0.9522698452954603,0.3507174392935982,0.24444444444444446
0.0011683729369984539,0.25,0.17118768328445746,0.0,0.13278008298755184,0.5547039662770646,0.6683831101956745,0.5543289472487702,0.30434782608695654,0.1851145038167939,0.7553191489361701,1.0000000000000002,0.13796909492273732,0.38222222222222224
0.0013507942238429455,0.25,0.17118768328445746,0.0,0.13278008298755184,0.6133358881011687,0.41709577754891863,0.6230210332002656,0.30434782608695654,0.1851145038167939,0.7553191489361701,0.9966522952066955,0.2144039735099338,0.4444444444444445
0.00014825241980769222,0.17500000000000002,0.03372434017595308,0.0,0.056224066390041516,0.6788656830810501,0.5829042224510813,0.735961952914003,0.08695652173913043,0.05534351145038163,0.6382978723404256,0.9907177276185646,0.17439293598233996,0.6222222222222222
0.00033179768254155224,0.8,0.10667155425219943,0.0,0.018672199170124415,0.5228971067254263,0.1534500514933059,0.49849503041766324,0.13043478260869565,0.28625954198473275,0.37234042553191493,1.0000000000000002,0.08112582781456953,0.41111111111111115
0.0004211537657463403,0.8,0.10667155425219943,0.0,0.018672199170124415,0.4265184901322091,0.29042224510813597,0.49849503041766324,0.13043478260869565,0.28625954198473275,0.37234042553191493,1.0000000000000002,0.2348233995584989,0.32
0.0005796343661472849,0.125,0.2056451612903226,0.0,0.04149377593360981,0.44395478060931215,0.19052523171987643,0.48817393992852537,0.13043478260869565,0.30152671755725186,0.6702127659574466,0.9982500634035,0.1757726269315673,0.3777777777777778
0.001452401644241849,0.125,0.2056451612903226,0.0,0.04149377593360981,0.3895382257137384,0.349124613800206,0.48817393992852537,0.13043478260869565,0.30152671755725186,0.6702127659574466,1.0000000000000002,0.31346578366445915,0.27555555555555555
0.001369452223606461,0.125,0.2056451612903226,0.0,0.04149377593360981,0.44529603372293536,0.309989701338826,0.48817393992852537,0.13043478260869565,0.30152671755725186,0.6702127659574466,1.0000000000000002,0.19481236203090505,0.35333333333333333
0.0009209858437484687,0.0,0.3793988269794722,0.0,0.049792531120331884,0.5472312703583061,0.03810504634397528,0.37807927688712273,0.13043478260869565,0.22519083969465642,0.7021276595744679,0.966599036266802,0.1376931567328918,0.4266666666666667
0.0017133888457531922,0.0,0.3793988269794722,0.0,0.049792531120331884,0.4598582103851313,0.15036045314109167,0.37807927688712273,0.13043478260869565,0.22519083969465642,0.7021276595744679,0.9493786457012428,0.22488962472406182,0.3711111111111111
0.0009589762288091206,0.0,0.3793988269794722,0.0,0.049792531120331884,0.4797853995018203,0.05046343975283214,0.37807927688712273,0.13043478260869565,0.22519083969465642,0.7021276595744679,0.9848085214303831,0.10458057395143486,0.3955555555555556
0.000998090589759141,0.0,0.45344574780058655,0.0,0.09958506224066388,0.5221306763747843,0.43357363542739447,0.30672280369922433,0.17391304347826086,0.4026717557251908,0.6489361702127658,0.9653309662693381,0.19895143487858719,0.36444444444444446
0.0010701374442676555,0.0,0.45344574780058655,0.0,0.09958506224066388,0.5207894232611611,0.737384140061792,0.26576580672735045,0.17391304347826086,0.4026717557251908,0.6489361702127658,0.9410601065178799,0.282560706401766,0.33333333333333337
0.0009076105306649845,0.0,0.45344574780058655,0.0,0.09958506224066388,0.4941559685763556,0.44181256436663235,0.2692486064254471,0.17391304347826086,0.4026717557251908,0.6489361702127658,0.9747907684504185,0.2356512141280353,0.35111111111111115
0.0005635615109293168,0.0,0.45344574780058655,0.0,0.09958506224066388,0.5117838666411191,0.5231719876416066,0.35323591193881915,0.17391304347826086,0.4026717557251908,0.6489361702127658,0.9733705300532589,0.29277041942604853,0.36
0.0003912560070891407,0.25,0.16129032258064516,0.0,0.07676348547717837,0.6066296225330524,0.31513903192584963,0.38839127390446393,0.13043478260869565,0.1793893129770992,0.6808510638297873,1.0000000000000002,0.09823399558498896,0.5111111111111111
0.00043048276562809796,0.25,0.16129032258064516,0.0,0.07676348547717837,0.5859360030657214,0.6951596292481977,0.38839127390446393,0.13043478260869565,0.1793893129770992,0.6808510638297873,0.996779102206442,0.15149006622516556,0.42
0.0003402275017118153,0.25,0.16129032258064516,0.0,0.07676348547717837,0.5251963977773518,0.3017507723995881,0.38839127390446393,0.13043478260869565,0.1793893129770992,0.6808510638297873,1.0000000000000002,0.1376931567328918,0.44
0.00032808856210663655,0.25,0.16129032258064516,0.0,0.07676348547717837,0.4993293734431884,0.45108135942327504,0.38839127390446393,0.13043478260869565,0.1793893129770992,0.6808510638297873,0.9841237636317525,0.1594922737306843,0.39777777777777773
0.0004975841262233916,0.0,0.14772727272727273,0.0,0.12448132780082988,0.541866257903813,0.4644696189495366,0.3318935336322054,0.08695652173913043,0.1145038167938931,0.6276595744680851,1.0000000000000002,0.21771523178807944,0.42
0.0005735648963446956,0.0,0.14772727272727273,0.0,0.12448132780082988,0.5880436865299866,0.5478887744593203,0.3008211405032328,0.08695652173913043,0.1145038167938931,0.6276595744680851,0.9883337560233326,0.13245033112582782,0.48000000000000004
0.000512083415196244,0.0,0.14772727272727273,0.0,0.12448132780082988,0.4702050201187967,0.4346035015447992,0.29986632596459,0.08695652173913043,0.1145038167938931,0.6276595744680851,0.9976921126046158,0.30711920529801323,0.3888888888888889
0.0005651350771744325,0.0,0.10813782991202346,0.0,0.20746887966804983,0.6602797470779843,0.858908341915551,0.20843146704980492,0.043478260869565216,0.1583969465648855,0.5531914893617023,1.0000000000000002,0.10402869757174393,0.4133333333333334
0.0005248967403350438,0.0,0.10813782991202346,0.0,0.20746887966804983,0.6740754933895382,0.619979402677652,0.2077767370804499,0.043478260869565216,0.1583969465648855,0.5531914893617023,0.9978696424042607,0.10954746136865343,0.5266666666666666
0.0004554350303720765,0.0,0.10813782991202346,0.0,0.20746887966804983,0.5472312703583061,0.6508753861997939,0.17847757095181366,0.043478260869565216,0.1583969465648855,0.5531914893617023,0.9880294192239413,0.19536423841059603,0.39111111111111113
0.0003709120434915727,0.0,0.10813782991202346,0.0,0.20746887966804983,0.5449319793063806,0.7312049433573636,0.17845938400822048,0.043478260869565216,0.1583969465648855,0.5531914893617023,0.9915039310169922,0.17853200883002204,0.3777777777777778
0.00025210779198533257,0.28,0.5344574780058651,0.0,0.15560165975103735,0.5077601073002492,0.26776519052523173,0.23063772517709535,0.13043478260869565,0.1583969465648855,0.5957446808510638,0.9985544002028913,0.12362030905077262,0.4444444444444445
0.0004115999706867088,0.28,0.5344574780058651,0.0,0.15560165975103735,0.5150411956313469,0.7662203913491246,0.2260091480326274,0.13043478260869565,0.1583969465648855,0.5957446808510638,1.0000000000000002,0.24448123620309048,0.34666666666666673
0.0013006648991771147,0.0,0.08907624633431087,0.0,0.1161825726141078,0.5870856485916843,0.5653964984552008,0.2151151688203039,0.043478260869565216,0.1698473282442748,0.574468085106383,0.9012934313974132,0.1357615894039735,0.5199999999999999
0.0012219865869213266,0.0,0.08907624633431087,0.0,0.1161825726141078,0.49856294309254656,0.6869207003089598,0.2151151688203039,0.043478260869565216,0.1698473282442748,0.574468085106383,0.9871417702257165,0.2651766004415011,0.36444444444444446
0.0012870647909157572,0.0,0.08907624633431087,0.0,0.1161825726141078,0.8637670051734051,0.752832131822863,0.2151151688203039,0.043478260869565216,0.1698473282442748,0.574468085106383,1.0000000000000002,0.0684326710816777,0.7488888888888889
0.0008491637844178277,0.0,0.08907624633431087,0.0,0.1161825726141078,0.8160567158459476,0.35015447991761073,0.2151151688203039,0.043478260869565216,0.1698473282442748,0.574468085106383,0.9914532082170936,0.050772626931567325,0.8622222222222221
0.0007000121838986407,0.0,0.08907624633431087,0.0,0.1161825726141078,0.7386472504311171,0.6138002059732235,0.2151151688203039,0.043478260869565216,0.1698473282442748,0.574468085106383,1.0000000000000002,0.1230684326710817,0.6266666666666667
0.0015998672809269833,0.0,0.29692082111436957,0.0,0.27178423236514526,0.6066296225330524,0.7929969104016479,0.14987860215151544,0.17391304347826086,0.37595419847328243,0.8829787234042552,0.9945726604108548,0.21219646799116998,0.5
0.0012138939605178742,0.0,0.29692082111436957,0.0,0.27178423236514526,0.6169764322667176,0.7044284243048403,0.15699879056825106,0.17391304347826086,0.37595419847328243,0.8829787234042552,0.9966522952066955,0.16390728476821192,0.4777777777777778
0.0025001719683110735,0.0,0.29692082111436957,0.0,0.27178423236514526,0.5449319793063806,0.8496395468589084,0.1441406214478626,0.17391304347826086,0.37595419847328243,0.8829787234042552,0.1729647476540705,0.24558498896247244,0.3022222222222223
0.0014980350653502061,0.0,0.29692082111436957,0.0,0.27178423236514526,0.4993293734431884,0.8970133882595263,0.11743309478125653,0.17391304347826086,0.37595419847328243,0.8829787234042552,0.9893228506213544,0.2924944812362031,0.3355555555555556
0.0014195815482722916,0.0,0.29692082111436957,0.0,0.27178423236514526,0.43878137574247933,0.9660144181256437,0.08887049986814467,0.17391304347826086,0.37595419847328243,0.8829787234042552,0.9927720010144561,0.40673289183222955,0.32222222222222224
0.001853211446390621,0.0,0.29692082111436957,0.0,0.27178423236514526,0.43590726192757245,0.9165808444902164,0.09833680400840238,0.17391304347826086,0.37595419847328243,0.8829787234042552,0.9968805478062389,0.46716335540838855,0.32222222222222224
0.00140328389787645,0.0,0.29692082111436957,0.0,0.27178423236514526,0.4916650699367694,0.8475798146240989,0.09027998799661723,0.17391304347826086,0.37595419847328243,0.8829787234042552,0.9766421506467158,0.3410596026490066,0.3422222222222222
0.0013678786573613452,0.0,0.29692082111436957,0.0,0.27178423236514526,0.5581529028549531,0.9701338825952626,0.11851521792505161,0.17391304347826086,0.37595419847328243,0.8829787234042552,0.99579000760842,0.29083885209713023,0.32888888888888895
0.002892102360933835,0.0,0.29692082111436957,0.0,0.27178423236514526,0.5112090438781375,0.9093717816683832,0.12871809328083372,0.17391304347826086,0.37595419847328243,0.8829787234042552,0.98562008622876,0.3813465783664459,0.32
0.0011420719011872333,0.0,0.29692082111436957,0.0,0.27178423236514526,0.5046943858976817,0.5303810504634398,0.14987860215151544,0.17391304347826086,0.37595419847328243,0.8829787234042552,0.9913517626172965,0.3109823399558499,0.3711111111111111
0.0010623820106310136,0.0,0.3500733137829912,0.0,0.32780082987551873,0.6043303314811267,0.8105046343975283,0.14075784993952845,0.21739130434782608,0.46755725190839686,0.5531914893617023,0.9966776566066448,0.2326158940397351,0.3955555555555556
0.0013147145977942198,0.0,0.3500733137829912,0.0,0.32780082987551873,0.45066104617742864,0.9268795056642637,0.11128590784675683,0.21739130434782608,0.46755725190839686,0.5531914893617023,0.995054527009891,0.3995584988962472,0.3066666666666667
0.0024255399692570115,0.0,0.3500733137829912,0.0,0.32780082987551873,0.4849588043686529,0.9526261585993822,0.12898180396293502,0.21739130434782608,0.46755725190839686,0.5531914893617023,1.0000000000000002,0.423841059602649,0.30444444444444446
0.0015284948119520898,0.0,0.3500733137829912,0.0,0.32780082987551873,0.5159992335696492,0.8372811534500515,0.10247433367585411,0.21739130434782608,0.46755725190839686,0.5531914893617023,0.9793050976413898,0.24061810154525382,0.30000000000000004
0.0016259435215603304,0.0,0.3500733137829912,0.0,0.32780082987551873,0.4713546656447595,0.8208032955715756,0.14711418672534987,0.21739130434782608,0.46755725190839686,0.5531914893617023,0.9939386254121229,0.23647902869757176,0.3155555555555556
0.0007043956898671775,0.0,0.9233870967741936,0.0,0.3983402489626554,0.44242191990802826,0.6879505664263645,0.10258345533741327,0.043478260869565216,0.001908396946564861,0.6914893617021276,0.9803449150393102,0.34878587196467986,0.3777777777777778
0.000734293448524377,0.0,0.9233870967741936,0.0,0.3983402489626554,0.46809733665453146,0.8362512873326466,0.09710009184406516,0.043478260869565216,0.001908396946564861,0.6914893617021276,0.9512300278975401,0.34602649006622516,0.34
0.0009741499033155941,0.0,0.9233870967741936,0.0,0.3983402489626554,0.4598582103851313,0.9268795056642637,0.08705180550882523,0.043478260869565216,0.001908396946564861,0.6914893617021276,0.9522952066954096,0.4470198675496688,0.34444444444444444
0.0010359685772308562,0.0,0.9233870967741936,0.0,0.3983402489626554,0.4441463881969726,0.956745623069001,0.07972246724076786,0.043478260869565216,0.001908396946564861,0.6914893617021276,0.9555668272888664,0.4373620309050772,0.3066666666666667
0.00182870877200239,0.0,0.9233870967741936,0.0,0.3983402489626554,0.464648400076643,0.8805355303810505,0.07850394202002382,0.043478260869565216,0.001908396946564861,0.6914893617021276,0.9698706568602588,0.3609271523178808,0.36444444444444446
0.0028417482410901308,0.0,0.7855571847507332,0.0,0.48755186721991695,0.4085073768921249,0.9588053553038105,0.05989869872418592,0.13043478260869565,0.4770992366412213,0.9148936170212765,0.9878518894242964,0.42660044150110377,0.24888888888888888
0.0035867194605635074,0.0,0.7855571847507332,0.0,0.48755186721991695,0.5499137765855527,0.9876416065911431,0.06209931889896243,0.13043478260869565,0.4770992366412213,0.9148936170212765,1.0000000000000002,0.3769315673289183,0.2888888888888889
0.009834002248850959,0.0,0.7855571847507332,0.0,0.48755186721991695,0.39777735198313835,0.945417095777549,0.0773217906864662,0.13043478260869565,0.4770992366412213,0.9148936170212765,1.0000000000000002,0.4583333333333333,0.20666666666666672
0.0037511571331781046,0.0,0.7855571847507332,0.0,0.48755186721991695,0.5550871814523856,0.9886714727085479,0.08992534259654995,0.13043478260869565,0.4770992366412213,0.9148936170212765,0.9952827796094345,0.2999448123620309,0.3155555555555556
0.01333732269842333,0.0,0.7855571847507332,0.0,0.48755186721991695,0.5297949798812033,0.976313079299691,0.10379288708636071,0.13043478260869565,0.4770992366412213,0.9148936170212765,1.0000000000000002,0.2905629139072847,0.3244444444444445
0.0065609844590101725,0.0,0.7855571847507332,0.0,0.48755186721991695,0.538608928913585,0.9783728115345005,0.10892160517964154,0.13043478260869565,0.4770992366412213,0.9148936170212765,0.9717474004565052,0.2591059602649006,0.4000000000000001
0.010900880163039446,0.0,0.7855571847507332,0.0,0.48755186721991695,0.42077026250239513,0.9835221421215243,0.11061299093380865,0.13043478260869565,0.4770992366412213,0.9148936170212765,0.6598021810803957,0.4299116997792494,0.23555555555555557
0.00619827743951099,0.0,0.7855571847507332,0.0,0.48755186721991695,0.5315194481701476,0.9814624098867148,0.08921605179641535,0.13043478260869565,0.4770992366412213,0.9148936170212765,0.9943444078113114,0.42025386313465785,0.29111111111111115
0.003555360533250129,0.0,0.7855571847507332,0.0,0.48755186721991695,0.4562176662195824,0.933058702368692,0.07613963935290856,0.13043478260869565,0.4770992366412213,0.9148936170212765,0.9527009890945981,0.41859823399558493,0.27555555555555555
0.0038890689748036075,0.0,0.7855571847507332,0.0,0.48755186721991695,0.5543207511017435,0.9835221421215243,0.06549118387909321,0.13043478260869565,0.4770992366412213,0.9148936170212765,0.9928480852143039,0.35485651214128033,0.26888888888888896
0.0060492382365807396,0.0,0.7855571847507332,0.0,0.48755186721991695,0.49626365204062084,0.9783728115345005,0.049022906455455637,0.13043478260869565,0.4770992366412213,0.9148936170212765,1.0000000000000002,0.461644591611479,0.2844444444444445
0.003198610585964598,0.0,0.7855571847507332,0.0,0.48755186721991695,0.5006706265568118,0.9340885684860968,0.04385781447498842,0.13043478260869565,0.4770992366412213,0.9148936170212765,0.9776312452447375,0.6189293598233996,0.2
0.01823448564840146,0.0,0.7855571847507332,0.0,0.48755186721991695,0.2793638628089672,1.0,0.028171575625858217,0.13043478260869565,0.4770992366412213,0.9148936170212765,1.0000000000000002,0.9017660044150109,0.2088888888888889
0.037256765997661236,0.0,0.7008797653958945,1.0,1.0,0.3529411764705882,1.0,0.017459465849466685,0.17391304347826086,0.41221374045801523,0.22340425531914887,1.0000000000000002,0.6923289183222958,0.1866666666666667
0.04598275281477283,0.0,0.7008797653958945,0.0,1.0,0.3653956696685189,1.0,0.02566177740999738,0.17391304347826086,0.41221374045801523,0.22340425531914887,1.0000000000000002,0.6812913907284768,0.23555555555555557
0.031172572110921132,0.0,0.7008797653958945,0.0,1.0,0.25713738264035246,0.9773429454170957,0.019669179496039815,0.17391304347826086,0.41221374045801523,0.22340425531914887,1.0000000000000002,0.760485651214128,0.15111111111111114
0.026672172649890052,0.0,0.7008797653958945,0.0,1.0,0.492239892699751,1.0,0.026325600851148975,0.17391304347826086,0.41221374045801523,0.22340425531914887,0.43193000253614006,0.7193708609271523,0.1955555555555556
0.030658128346357214,0.0,0.7008797653958945,0.0,1.0,0.3901130484767198,0.9474768280123584,0.03601924178632161,0.17391304347826086,0.41221374045801523,0.22340425531914887,0.8857468932285063,0.5441501103752759,0.23111111111111116
0.01674724075158919,0.0,0.7008797653958945,0.0,1.0,0.35313278405824866,1.0,0.04201183970027918,0.17391304347826086,0.41221374045801523,0.22340425531914887,0.8597514582804971,0.31870860927152317,0.3244444444444445
0.024085229742919736,0.0,0.7008797653958945,0.0,1.0,0.41157309829469246,0.984552008238929,0.0448853767880039,0.17391304347826086,0.41221374045801523,0.22340425531914887,0.6577479076845042,0.3879690949227373,0.32
0.015820297835627068,0.0,0.7008797653958945,1.0,1.0,0.4920482851120903,0.9588053553038105,0.0563613381953096,0.17391304347826086,0.41221374045801523,0.22340425531914887,0.8075576971848846,0.3694812362030905,0.26666666666666666
0.027429058013790735,0.0,0.7008797653958945,0.0,1.0,0.3278405824870666,0.9382080329557158,0.05517918686175195,0.17391304347826086,0.41221374045801523,0.22340425531914887,0.21818412376363175,0.3976269315673289,0.18
0.015022162556586567,0.0,0.7008797653958945,0.0,0.4481327800829874,0.47997700708948077,1.0,0.05707972246724079,0.17391304347826086,0.41221374045801523,0.22340425531914887,0.8909206188181588,0.12969094922737306,0.42888888888888893
0.015945845942469516,0.0,0.7008797653958945,0.0,1.0,0.5650507760107301,1.0,0.05786176104174813,0.17391304347826086,0.41221374045801523,0.22340425531914887,0.9173471975653057,0.15618101545253862,0.4066666666666667
0.014242348084542769,0.0,0.7008797653958945,1.0,0.4481327800829874,0.5152328032190076,0.9237899073120494,0.060817139375642246,0.17391304347826086,0.41221374045801523,0.22340425531914887,0.8529546030940909,0.10402869757174393,0.4888888888888889
0.016376778298453364,0.0,0.7008797653958945,0.0,0.4481327800829874,0.7526346043303315,0.9052523171987641,0.07650337822477245,0.17391304347826086,0.41221374045801523,0.22340425531914887,0.9430129343139741,0.0,1.0
0.02054009739026286,0.0,0.7008797653958945,1.0,0.4481327800829874,0.8126077792680589,0.9814624098867148,0.08285062153879731,0.17391304347826086,0.41221374045801523,0.22340425531914887,0.981511539436977,0.005242825607064017,1.0
0.025132550476633216,0.0,0.7008797653958945,0.0,0.4481327800829874,0.4393561985054609,0.9155509783728115,0.11752402949922254,0.17391304347826086,0.41221374045801523,0.22340425531914887,0.9954603094090794,0.2734547461368653,0.39333333333333337
0.03279401972892399,0.0,0.7008797653958945,0.0,0.4481327800829874,0.48668327265759725,0.9279093717816684,0.10492047758913876,0.17391304347826086,0.41221374045801523,0.22340425531914887,0.6024854171950291,0.22295805739514352,0.4444444444444445
0.022523015654286598,0.0,0.7008797653958945,0.0,0.4481327800829874,0.8369419429009389,0.96086508753862,0.08332348207222036,0.17391304347826086,0.41221374045801523,0.22340425531914887,0.9300025361399951,0.0543598233995585,1.0
0.02578490608282263,0.0,0.7008797653958945,0.0,0.4481327800829874,0.5284537267675801,0.9598352214212151,0.08824305031417946,0.17391304347826086,0.41221374045801523,0.22340425531914887,0.7468678671062642,0.2585540838852097,0.41777777777777786
0.027461091326637734,0.0,0.7008797653958945,0.0,0.4481327800829874,0.5443571565433992,0.9505664263645727,0.10301994198364996,0.17391304347826086,0.41221374045801523,0.22340425531914887,0.8304336799391328,0.26462472406181015,0.3844444444444445
0.013500074407203876,0.0,0.7008797653958945,0.0,0.4481327800829874,0.4433799578463308,0.9443872296601441,0.11787867489928981,0.17391304347826086,0.41221374045801523,0.22340425531914887,0.7346943951306113,0.3504415011037527,0.27555555555555555
0.025936642827887366,0.0,0.7008797653958945,0.0,0.4481327800829874,0.44433799578463307,0.972193614830072,0.11449590339095565,0.17391304347826086,0.41221374045801523,0.22340425531914887,0.8763124524473751,0.2842163355408388,0.3133333333333334
0.0014928647762591117,0.0,0.1315982404692082,0.0,0.25103734439834013,0.3853228587852079,0.8815653964984552,0.13335576389709825,0.17391304347826086,0.20801526717557245,0.4255319148936172,1.0000000000000002,0.3576158940397351,0.4022222222222223
0.0008783871575414062,0.0,0.1315982404692082,0.0,0.25103734439834013,0.4403142364437632,0.6776519052523172,0.14297665705789814,0.17391304347826086,0.20801526717557245,0.4255319148936172,0.9906923662186153,0.21826710816777045,0.39111111111111113
0.0006779822564670202,0.0,0.1315982404692082,0.0,0.25103734439834013,0.571948649166507,0.3110195674562307,0.18211495967045255,0.17391304347826086,0.20801526717557245,0.4255319148936172,0.9849353284301293,0.09933774834437087,0.5422222222222222
0.000718220593306409,0.0,0.1315982404692082,0.0,0.25103734439834013,0.471163058057099,0.4562306900102987,0.22054397148287247,0.17391304347826086,0.20801526717557245,0.4255319148936172,0.9906923662186153,0.23123620309050769,0.40444444444444444
0.0006755095095104097,0.0,0.1315982404692082,0.0,0.25103734439834013,0.6321134316918952,0.7363542739443872,0.1623821258718366,0.17391304347826086,0.20801526717557245,0.4255319148936172,0.9857215318285569,0.1432119205298013,0.5533333333333332
0.0005786227878468533,0.0,0.07331378299120235,0.0,0.20539419087136912,0.6551063422111517,0.5715756951596292,0.1545344597113732,0.08695652173913043,0.011450381679389277,0.5531914893617023,1.0000000000000002,0.09133554083885209,0.7155555555555556
0.0006694400397078201,0.0,0.07331378299120235,0.0,0.20539419087136912,0.8055182985246215,0.8280123583934088,0.1465322045303677,0.08695652173913043,0.011450381679389277,0.5531914893617023,0.9966015724067968,0.1608719646799117,0.7733333333333332
0.0007031593163888723,0.0,0.07331378299120235,0.0,0.20539419087136912,0.49492239892699763,0.6107106076210093,0.13351944638943702,0.08695652173913043,0.011450381679389277,0.5531914893617023,1.0000000000000002,0.21302428256070638,0.6933333333333334
0.0009521199758839734,0.0,0.07331378299120235,0.0,0.20539419087136912,0.6886376700517342,0.9196704428424305,0.1428584419245424,0.08695652173913043,0.011450381679389277,0.5531914893617023,0.992949530814101,0.08526490066225167,0.731111111111111
0.0008627638926791854,0.0,0.07331378299120235,0.0,0.20539419087136912,0.391454301590343,0.8949536560247168,0.16898398639616619,0.08695652173913043,0.011450381679389277,0.5531914893617023,0.9850367740299265,0.3380242825607064,0.47555555555555556
0.0006086329440929898,0.0,0.07331378299120235,0.0,0.20539419087136912,0.49664686721594176,0.6786817713697219,0.19551873709863687,0.08695652173913043,0.011450381679389277,0.5531914893617023,0.9751711894496577,0.315121412803532,0.5466666666666666
0.0008140957366695336,0.45,0.1092375366568915,0.0,0.09958506224066388,0.6171680398543783,0.3934088568486097,0.2417954150715202,0.17391304347826086,0.4026717557251908,0.2765957446808509,0.992315495815369,0.1365894039735099,0.6
0.00134281399502843,0.45,0.1092375366568915,0.0,0.09958506224066388,0.5738647250431118,0.2698249227600412,0.3125517191208432,0.17391304347826086,0.4026717557251908,0.2765957446808509,0.9643418716713162,0.0780905077262693,0.5511111111111111
0.0008697325431932695,0.45,0.1092375366568915,0.0,0.09958506224066388,0.6943858976815481,0.3707518022657055,0.3125517191208432,0.17391304347826086,0.4026717557251908,0.2765957446808509,1.0000000000000002,0.1009933774834437,0.6644444444444444
0.0009481860602711838,0.45,0.1092375366568915,0.0,0.09958506224066388,0.6495497221689978,0.19155509783728117,0.4865189280615447,0.17391304347826086,0.4026717557251908,0.2765957446808509,0.9512553892974893,0.09299116997792495,0.7111111111111111
9.070485427203005e-05,0.6,0.09054252199413491,0.0,0.024896265560165998,0.5830618892508143,0.16374871266735327,0.46285771444679863,0.0,0.14885496183206098,0.31914893617021267,0.9487699721024601,0.07312362030905077,0.5355555555555556
8.41857941136933e-05,0.8,0.0,0.0,0.0684647302904563,0.8265951331672735,0.2996910401647786,0.41091580354463525,0.13043478260869565,0.1297709923664122,0.1914893617021276,0.9932285062135431,0.03421633554083886,1.0
0.0004534118737712134,0.8,0.03885630498533725,0.0,0.03112033195020747,0.6794405058440315,0.34706488156539655,0.5619219961989289,0.043478260869565216,0.27099236641221375,0.0,0.8919857976160285,0.1898454746136865,0.5622222222222222
0.00035247883890593087,0.8,0.03885630498533725,0.0,0.03112033195020747,0.7114389729833303,0.364572605561277,0.5619219961989289,0.043478260869565216,0.27099236641221375,0.0,0.9880801420238398,0.13493377483443708,0.6577777777777778
0.00028301712894296366,0.9500000000000001,0.03702346041055718,0.0,0.02904564315352698,0.6541483042728492,0.12770339855818746,0.5932399130664098,0.08695652173913043,0.41030534351145037,0.46808510638297873,1.0000000000000002,0.0780905077262693,0.6644444444444444
0.0001288076369216189,0.9500000000000001,0.03702346041055718,0.0,0.02904564315352698,0.6848055182985245,0.11328527291452112,0.5932399130664098,0.08695652173913043,0.41030534351145037,0.46808510638297873,0.9680446360639108,0.0750551876379691,0.62
0.0003161744176793315,0.8250000000000001,0.057551319648093846,0.0,0.053941908713692865,0.4983713355048859,0.36560247167868176,0.46744082423228356,0.043478260869565216,0.30725190839694655,0.22340425531914887,0.9920618818158763,0.15728476821192053,0.42444444444444446
0.00017365427490741815,0.8250000000000001,0.057551319648093846,0.0,0.053941908713692865,0.7758191224372485,0.13182286302780638,0.46744082423228356,0.043478260869565216,0.30725190839694655,0.22340425531914887,0.99614506720771,0.0380794701986755,0.8288888888888888
0.0003234802609602261,0.9500000000000001,0.08137829912023462,0.0,0.056224066390041516,0.822379766238743,0.31204943357363546,0.3626840291354837,0.13043478260869565,0.07061068702290074,0.22340425531914887,0.9895511032208978,0.05739514348785872,0.9666666666666666
0.00015477147996602894,0.9500000000000001,0.08137829912023462,0.0,0.056224066390041516,0.8570607396052886,0.29866117404737386,0.3626840291354837,0.13043478260869565,0.07061068702290074,0.22340425531914887,0.9838955110322091,0.031732891832229576,1.0
0.0014561107646767647,0.0,0.37133431085043994,1.0,0.20746887966804983,0.47959379191415985,0.5787847579814624,0.28277059898698725,0.13043478260869565,0.17175572519083965,0.6382978723404256,0.9604869388790261,0.3567880794701987,0.43111111111111106
0.004826240071358981,0.0,0.37133431085043994,1.0,0.20746887966804983,0.3416363287986205,1.0,0.24965217470378015,0.13043478260869565,0.17175572519083965,0.6382978723404256,1.0000000000000002,0.5894039735099337,0.33333333333333337
0.004152641320860498,0.0,0.37133431085043994,1.0,0.20746887966804983,0.35313278405824866,0.8825952626158599,0.23055588393092602,0.13043478260869565,0.17175572519083965,0.6382978723404256,0.99579000760842,0.613962472406181,0.3177777777777778
0.0023701279579111494,0.0,0.37133431085043994,1.0,0.20746887966804983,0.4303506418854187,0.5242018537590113,0.22942829342814797,0.13043478260869565,0.17175572519083965,0.6382978723404256,0.9848846056302308,0.3945916114790287,0.38666666666666666
0.0015083756435323955,0.0,0.37133431085043994,0.0,0.20746887966804983,0.5391837516765664,0.3027806385169928,0.2560539788485846,0.13043478260869565,0.17175572519083965,0.6382978723404256,0.9718742074562516,0.21109271523178808,0.5133333333333333
0.0031834369114581247,0.0,0.37133431085043994,0.0,0.20746887966804983,0.35466564475953255,0.07106076210092689,0.22350844328856312,0.13043478260869565,0.17175572519083965,0.6382978723404256,0.8783413644433173,0.7676600441501105,0.4155555555555555
0.0004414977293439083,0.0,0.49230205278592387,1.0,0.3340248962655602,0.44587085648591673,0.5468589083419155,0.18027807836753995,0.17391304347826086,0.1698473282442748,0.404255319148936,0.9896018260207964,0.3250551876379691,0.4066666666666667
0.0007172090150059773,0.0,0.49230205278592387,0.0,0.3340248962655602,0.5903429775819123,0.8465499485066941,0.20837690621902538,0.17391304347826086,0.1698473282442748,0.404255319148936,0.9895511032208978,0.21964679911699775,0.5266666666666666
0.0011730936357338012,0.0,0.49230205278592387,1.0,0.3340248962655602,0.4579421345085265,0.9361483007209063,0.16001782320472135,0.17391304347826086,0.1698473282442748,0.404255319148936,1.0000000000000002,0.44674392935982343,0.3666666666666667
0.003953809986031228,0.0,0.21041055718475074,1.0,0.24481327800829866,0.6495497221689978,0.8815653964984552,0.15750802498886046,0.30434782608695654,0.22900763358778625,0.5106382978723403,0.9868120720263759,0.22019867549668876,0.4822222222222223
0.004511526822335829,0.0,0.21041055718475074,1.0,0.24481327800829866,0.4987545506802068,0.9104016477857878,0.1744491629459211,0.30434782608695654,0.22900763358778625,0.5106382978723403,0.99579000760842,0.5444260485651213,0.3711111111111111
0.006937628779537524,0.0,0.21041055718475074,1.0,0.24481327800829866,0.6357539758574439,0.7703398558187435,0.1948276332420955,0.30434782608695654,0.22900763358778625,0.5106382978723403,0.9834897286330205,0.22626931567328917,0.5
0.006838044515739485,0.0,0.21041055718475074,0.0,0.24481327800829866,0.5857443954780609,0.8022657054582903,0.1948276332420955,0.30434782608695654,0.22900763358778625,0.5106382978723403,1.0000000000000002,0.1619757174392936,0.5577777777777778
0.003473197895737299,0.0,0.21041055718475074,0.0,0.2385892116182572,0.9015136999425178,0.776519052523172,0.16048159026634778,0.30434782608695654,0.22900763358778625,0.5106382978723403,0.9699467410601066,0.06650110375275937,0.8844444444444444
0.005851530877640837,0.0,0.21041055718475074,0.0,0.2385892116182572,0.989461582678674,0.8249227600411946,0.16048159026634778,0.30434782608695654,0.22900763358778625,0.5106382978723403,0.962211514075577,0.08002207505518763,1.0
0.004564016496369333,0.0,0.21041055718475074,0.0,0.2385892116182572,0.6901705307530178,0.7929969104016479,0.18969891514881465,0.30434782608695654,0.22900763358778625,0.5106382978723403,0.937053005325894,0.12775938189845476,0.5911111111111111
0.005964715249700236,0.0,0.21041055718475074,0.0,0.2385892116182572,0.4636903621383407,0.6714727085478887,0.23114695959770482,0.30434782608695654,0.22900763358778625,0.5106382978723403,0.9529546030940909,0.2737306843267108,0.42888888888888893
0.0051325235012118706,0.0,0.21041055718475074,0.0,0.2385892116182572,0.7378808200804753,0.7621009268795057,0.23114695959770482,0.30434782608695654,0.22900763358778625,0.5106382978723403,0.9473497337053005,0.09713024282560706,0.5933333333333333
0.006395085617739396,0.0,0.21041055718475074,0.0,0.24481327800829866,0.915117838666411,0.7250257466529351,0.24632396402622558,0.30434782608695654,0.22900763358778625,0.5106382978723403,0.9721278214557445,0.02041942604856513,0.8155555555555556
0.004963365129861926,0.0,0.21041055718475074,1.0,0.24481327800829866,0.6064380149453917,0.654994850669413,0.22936463912557176,0.30434782608695654,0.22900763358778625,0.5106382978723403,0.9069236621861527,0.17439293598233996,0.5333333333333333
0.0036431430502098018,0.0,0.21041055718475074,0.0,0.24481327800829866,0.48380915884269016,0.6035015447991761,0.22936463912557176,0.30434782608695654,0.22900763358778625,0.5106382978723403,0.9488967791022065,0.2524834437086093,0.4222222222222222
0.005681810518346209,0.0,0.21041055718475074,0.0,0.24481327800829866,0.7275340103468096,0.7075180226570545,0.27447735270849055,0.30434782608695654,0.22900763358778625,0.5106382978723403,0.9826781638346437,0.08278145695364239,0.5888888888888889
0.0009688672166355626,0.3,0.16385630498533724,0.0,0.08091286307053935,0.5834451044261352,0.40473738414006183,0.4601569533232092,0.21739130434782608,0.215648854961832,0.4255319148936172,0.9667258432665483,0.15562913907284767,0.4066666666666667
0.0010855359139520027,0.3,0.16385630498533724,0.0,0.08091286307053935,0.5359264226863384,0.5149330587023686,0.5370513508352355,0.21739130434782608,0.215648854961832,0.4255319148936172,0.9387522191224956,0.26186534216335544,0.38222222222222224
0.0013628207658591873,0.3,0.16385630498533724,0.0,0.08091286307053935,0.5426326882544549,0.05046343975283214,0.5370513508352355,0.21739130434782608,0.215648854961832,0.4255319148936172,0.9437230535125539,0.09547461368653423,0.4155555555555555
0.00224525423660232,0.22,0.19794721407624635,0.0,0.08713692946058083,0.38934661812607774,0.7579814624098867,0.6206567305331503,0.26086956521739135,0.2729007633587786,0.6914893617021276,0.9380928227238144,0.29718543046357615,0.28
0.003748571988632558,0.22,0.19794721407624635,0.0,0.08713692946058083,0.48802452577122046,0.329557157569516,0.6298047631605271,0.26086956521739135,0.2729007633587786,0.6914893617021276,0.9829571392340858,0.20502207505518766,0.42888888888888893
0.002138364129523385,0.22,0.19794721407624635,0.0,0.08713692946058083,0.5106342211151561,0.7857878475798147,0.6298047631605271,0.26086956521739135,0.2729007633587786,0.6914893617021276,0.9473497337053005,0.23233995584988965,0.34444444444444444
0.001776668688324633,0.22,0.19794721407624635,0.0,0.08713692946058083,0.5502969917608737,0.47579814624098876,0.6089807127463195,0.26086956521739135,0.2729007633587786,0.6914893617021276,0.9437230535125539,0.21495584988962468,0.4333333333333334
0.00207272393758427,0.22,0.19794721407624635,0.0,0.08713692946058083,0.6049051542441081,0.15036045314109167,0.6089807127463195,0.26086956521739135,0.2729007633587786,0.6914893617021276,0.9919857976160285,0.13327814569536423,0.4711111111111111
0.0015059028965757851,0.22,0.19794721407624635,0.0,0.08713692946058083,0.5606438014945393,0.10401647785787849,0.5698969709645446,0.26086956521739135,0.2729007633587786,0.6914893617021276,0.9984275932031449,0.11506622516556292,0.43111111111111106
0.002335284705340729,0.22,0.19794721407624635,0.0,0.08713692946058083,0.551255029699176,0.06179196704428426,0.5698969709645446,0.26086956521739135,0.2729007633587786,0.6914893617021276,0.9497083439005833,0.05132450331125828,0.44
0.0008529853024416803,0.22,0.19794721407624635,0.0,0.08713692946058083,0.6506993676949607,0.04016477857878477,0.7072083950931628,0.26086956521739135,0.2729007633587786,0.6914893617021276,0.9725843266548313,0.04966887417218542,0.5466666666666666
0.004075761370027699,0.22,0.19794721407624635,0.0,0.08713692946058083,0.9001724468288944,0.05664263645726057,0.7072083950931628,0.26086956521739135,0.2729007633587786,0.6914893617021276,1.0000000000000002,0.04994481236203091,0.84
0.000327751369339826,0.8,0.11656891495601175,0.0,0.006224066390041472,0.44357156543399123,0.16683831101956748,0.7357255226472916,0.0,0.24427480916030536,0.404255319148936,0.9956378392087245,0.20750551876379691,0.35333333333333333
0.00010183221557677722,0.9,0.12060117302052788,0.0,0.010373443983402453,0.745928338762215,0.32234809474768283,0.47345160908983447,0.08695652173913043,0.10877862595419846,0.35106382978723394,0.9732183616535632,0.0380794701986755,0.8666666666666667
0.006802526877635442,0.2,0.12866568914956011,0.0,0.5352697095435685,0.9854378233378044,0.8650875386199794,0.06105356964235377,0.17391304347826086,0.14694656488549612,0.042553191489361764,0.9817397920365204,0.0935430463576159,1.0
0.007386657147340201,0.2,0.12866568914956011,0.0,0.5352697095435685,0.722743820655298,1.0,0.06956505924396876,0.17391304347826086,0.14694656488549612,0.042553191489361764,0.9654831346690338,0.1672185430463576,0.6888888888888889
0.007309552401329528,0.2,0.12866568914956011,0.0,0.5352697095435685,0.6286644951140065,1.0,0.08012257999981813,0.17391304347826086,0.14694656488549612,0.042553191489361764,0.9873953842252093,0.14266004415011038,0.5577777777777778
0.005999670899859593,0.2,0.12866568914956011,0.0,0.5352697095435685,0.6978348342594368,0.8125643666323378,0.08934336040156772,0.17391304347826086,0.14694656488549612,0.042553191489361764,0.9896018260207964,0.21688741721854304,0.6399999999999999
0.005932344744086426,0.2,0.12866568914956011,0.0,0.5352697095435685,0.7585744395478061,0.8908341915550979,0.09186225208922517,0.17391304347826086,0.14694656488549612,0.042553191489361764,0.9783667258432667,0.15259381898454746,0.8466666666666667
0.009204688148393592,0.2,0.12866568914956011,0.0,0.5352697095435685,0.7215941751293352,0.9433573635427395,0.08631523429330086,0.17391304347826086,0.14694656488549612,0.042553191489361764,0.9911742328176516,0.26269315673289184,0.5777777777777777
0.006111618898440686,0.2,0.12866568914956011,0.0,0.5352697095435685,0.6984096570224182,0.913491246138002,0.07279324173176079,0.17391304347826086,0.14694656488549612,0.042553191489361764,0.9771493786457013,0.1757726269315673,0.7
0.00848938989239954,0.2,0.12866568914956011,0.0,0.5352697095435685,0.38302356773328217,0.6168898043254376,0.07792195982504162,0.17391304347826086,0.14694656488549612,0.042553191489361764,0.9885873700228253,0.24061810154525382,0.3955555555555556
0.006429366882365133,0.2,0.12866568914956011,0.0,0.38589211618257246,0.9074535351599925,0.6601441812564366,0.11748765561203615,0.17391304347826086,0.14694656488549612,0.042553191489361764,0.9686533096626935,0.157560706401766,1.0
0.00600405440582813,0.2,0.12866568914956011,0.0,0.38589211618257246,0.7489940601647825,0.5118434603501545,0.15844465258391,0.17391304347826086,0.14694656488549612,0.042553191489361764,0.9832614760334771,0.03945916114790288,0.8555555555555555
0.0009478488675043733,0.2,0.2382697947214076,1.0,0.15560165975103735,0.45200229929105185,0.6035015447991761,0.253516900217334,0.08695652173913043,0.06870229007633583,0.6382978723404256,0.9858990616282018,0.32891832229580575,0.3488888888888889
0.0032914509944264284,0.2,0.2382697947214076,0.0,0.15560165975103735,0.4397394136807816,0.4037075180226571,0.3000300084569288,0.08695652173913043,0.06870229007633583,0.6382978723404256,0.9790768450418463,0.3109823399558499,0.35777777777777786
0.0012170410930081056,0.2,0.2382697947214076,0.0,0.15560165975103735,0.5704157884652233,0.5746652935118435,0.253516900217334,0.08695652173913043,0.06870229007633583,0.6382978723404256,0.9950798884098403,0.16556291390728478,0.43111111111111106
0.002422842427122527,0.2,0.2382697947214076,1.0,0.15560165975103735,0.7913393370377467,0.5036045314109165,0.29434658858405555,0.08695652173913043,0.06870229007633583,0.6382978723404256,0.9844534618310931,0.13383002207505518,0.6711111111111111
0.000563336715751443,0.4,0.21810850439882698,1.0,0.1203319502074689,0.6125694577505268,0.30895983522142123,0.26807554856368615,0.13043478260869565,0.1278625954198473,0.5319148936170215,1.0000000000000002,0.04966887417218542,0.6088888888888888
0.0010084311679413303,0.4,0.21810850439882698,0.0,0.1203319502074689,0.6309637861659322,0.41091658084449023,0.285325864561831,0.13043478260869565,0.1278625954198473,0.5319148936170215,1.0000000000000002,0.03449227373068432,0.6
0.001105655082371697,0.4,0.21810850439882698,1.0,0.1203319502074689,0.7100977198697068,0.474768280123584,0.33260282443234007,0.13043478260869565,0.1278625954198473,0.5319148936170215,0.980598529038803,0.11920529801324503,0.6266666666666667
0.0008256726883300281,0.4,0.21810850439882698,0.0,0.1203319502074689,0.5596857635562368,0.30072090628218334,0.27377715538015257,0.13043478260869565,0.1278625954198473,0.5319148936170215,1.0000000000000002,0.15066225165562916,0.5355555555555556
0.002293585199845161,0.2,0.10520527859237538,0.0,0.11182572614107877,0.6229162674841925,0.3017507723995881,0.2701761405487001,0.17391304347826086,0.05534351145038163,0.24468085106382986,1.0000000000000002,0.08609271523178808,0.6688888888888889
0.0003311232970079312,0.2,0.10520527859237538,0.0,0.11182572614107877,0.8160567158459476,0.6343975283213182,0.3241913630204876,0.17391304347826086,0.05534351145038163,0.24468085106382986,0.9756784174486433,0.05601545253863134,0.8977777777777778
0.0006178495463858106,0.2,0.10520527859237538,1.0,0.11182572614107877,0.782525388005365,0.4819773429454171,0.37122279915248846,0.17391304347826086,0.05534351145038163,0.24468085106382986,0.9497083439005833,0.03532008830022075,0.9111111111111112
9.767350478611415e-05,0.9,0.02749266862170088,1.0,0.024896265560165998,0.8357922973749762,0.2255406797116375,0.4324309578153844,0.0,0.020992366412213692,0.10638297872340408,0.9965001268069998,0.03945916114790288,1.0
3.079693936869422e-05,0.9,0.09200879765395896,0.0,0.022821576763485507,0.6757999616784826,0.18434603501544802,0.5617674071783867,0.0,0.18702290076335876,0.2872340425531916,0.9944712148110576,0.16887417218543044,0.6044444444444445
5.2152481266693853e-05,0.55,0.06561583577712611,0.0,0.0,0.5541291435140833,0.29866117404737386,0.5617674071783867,0.0,0.215648854961832,0.2872340425531916,0.9944712148110576,0.1793598233995585,0.3777777777777778
0.00036405579056642543,0.525,0.1781524926686217,0.0,0.03319502074688796,0.5073768921249281,0.29248197734294545,0.5626676608862498,0.21739130434782608,0.20229007633587787,0.4255319148936172,1.0000000000000002,0.14928256070640175,0.40444444444444444
0.00041193716345351935,0.525,0.1781524926686217,0.0,0.03319502074688796,0.5755891933320559,0.2059732234809475,0.5626676608862498,0.21739130434782608,0.20229007633587787,0.4255319148936172,0.9361399949277202,0.21467991169977924,0.44
0.00032258108024873144,0.8,0.16458944281524926,0.0,0.0456431535269709,0.6323050392795554,0.25746652935118436,0.36256581400212784,0.13043478260869565,0.11068702290076332,0.7021276595744679,1.0000000000000002,0.04415011037527594,0.5222222222222221
0.0008153321101478388,0.8,0.16458944281524926,0.0,0.0456431535269709,0.6872964169381107,0.2554067971163749,0.36256581400212784,0.13043478260869565,0.11068702290076332,0.7021276595744679,1.0000000000000002,0.05049668874172186,0.7177777777777777
0.0008579307963549013,0.0,0.4934017595307918,0.0,0.09958506224066388,0.4916650699367694,0.1596292481977343,0.39766661513699314,0.13043478260869565,0.1946564885496183,0.36170212765957444,1.0000000000000002,0.1890176600441501,0.42
0.0013824903439231344,0.0,0.4934017595307918,0.0,0.09958506224066388,0.5972408507376893,0.29042224510813597,0.43928743555001865,0.13043478260869565,0.1946564885496183,0.36170212765957444,1.0000000000000002,0.12527593818984545,0.5244444444444445
0.0005327645715606225,0.0,0.4934017595307918,0.0,0.09958506224066388,0.5725234719294884,0.49536560247167866,0.43928743555001865,0.13043478260869565,0.1946564885496183,0.36170212765957444,0.9897286330205428,0.15618101545253862,0.4911111111111112
0.0006557275338575257,0.7000000000000001,0.0652492668621701,0.0,0.022821576763485507,0.5334355240467522,0.17713697219361485,0.6090989278796752,0.17391304347826086,0.3263358778625954,0.23404255319148937,0.9273142277453716,0.08940397350993376,0.3888888888888889
0.0005540077158696854,0.7000000000000001,0.0652492668621701,0.0,0.022821576763485507,0.6667944050584403,0.07312049433573636,0.6090989278796752,0.17391304347826086,0.3263358778625954,0.23404255319148937,0.9357849353284301,0.08305739514348787,0.5333333333333333
0.0004254248741259401,0.7000000000000001,0.0652492668621701,0.0,0.022821576763485507,0.6342211151561602,0.45829042224510813,0.6090989278796752,0.17391304347826086,0.3263358778625954,0.23404255319148937,0.9846817144306367,0.11975717439293598,0.44
0.0005488374267785907,0.33,0.06304985337243403,0.0,0.17219917012448127,0.7041578846522322,0.3934088568486097,0.2630195782447781,0.26086956521739135,0.06679389312977096,0.6170212765957446,0.9918336292163328,0.14348785871964678,0.6911111111111111
0.000772283833585029,0.33,0.06304985337243403,0.0,0.17219917012448127,0.739413680781759,0.7106076210092689,0.17910502050577892,0.26086956521739135,0.06679389312977096,0.6170212765957446,1.0000000000000002,0.13079470198675497,0.6311111111111111
0.00048330963242841293,0.33,0.06304985337243403,0.0,0.17219917012448127,0.6300057482276299,0.694129763130793,0.1866980694559376,0.26086956521739135,0.06679389312977096,0.6170212765957446,1.0000000000000002,0.1600441501103753,0.5155555555555555
0.005469941063200265,0.0,0.3460410557184751,0.0,0.32157676348547726,0.5890017244682889,0.819773429454171,0.19895606943775063,0.13043478260869565,0.22328244274809156,0.6170212765957446,1.0000000000000002,0.07753863134657837,0.3955555555555556
0.0038561364812451137,0.0,0.3460410557184751,0.0,0.32157676348547726,0.46196589384939657,0.7600411946446962,0.17940510507506663,0.13043478260869565,0.22328244274809156,0.6170212765957446,0.9983261476033477,0.22737306843267108,0.34
0.029551124492918274,0.0,0.3460410557184751,0.0,0.32157676348547726,0.27054991377658555,0.35942327497425336,0.12638107102910823,0.13043478260869565,0.22328244274809156,0.6170212765957446,0.8821962972356074,0.3010485651214128,0.2466666666666667
0.008812982550948702,0.0,0.3460410557184751,0.0,0.32157676348547726,0.4907070319984671,0.5139031925849639,0.13737507843119423,0.13043478260869565,0.22328244274809156,0.6170212765957446,1.0000000000000002,0.11727373068432673,0.38000000000000006
0.002870297228680088,0.0,0.3460410557184751,0.0,0.32157676348547726,0.4717378808200804,0.9011328527291452,0.15498913330120306,0.13043478260869565,0.22328244274809156,0.6170212765957446,0.9984783160030434,0.27566225165562913,0.32
0.0029567309745725185,0.0,0.3460410557184751,0.0,0.32157676348547726,0.5182985246215751,0.8228630278063851,0.19398194036501193,0.13043478260869565,0.22328244274809156,0.6170212765957446,0.9910981486178038,0.17025386313465785,0.36888888888888893
0.004078683707340057,0.0,0.3460410557184751,0.0,0.32157676348547726,0.5759724085073769,0.8692070030895983,0.22485427711445954,0.13043478260869565,0.22328244274809156,0.6170212765957446,0.9969312706061376,0.20833333333333331,0.41777777777777786
0.0027789179888744373,0.0,0.3460410557184751,0.0,0.32157676348547726,0.41080666794405063,0.7703398558187435,0.2560176049613982,0.13043478260869565,0.22328244274809156,0.6170212765957446,0.9987826528024347,0.2695916114790287,0.24888888888888888
0.0026851783997011124,0.0,0.3460410557184751,0.0,0.32157676348547726,0.4255604521939068,0.7085478887744593,0.263901645009048,0.13043478260869565,0.22328244274809156,0.6170212765957446,1.0000000000000002,0.3921081677704194,0.32888888888888895
0.0044475725942307665,0.0,0.3460410557184751,0.0,0.32157676348547726,0.5405250047901896,0.6622039134912462,0.21850703380043468,0.13043478260869565,0.22328244274809156,0.6170212765957446,0.9957139234085722,0.23813465783664456,0.4022222222222223
0.005273132884971858,0.0,0.3460410557184751,0.0,0.32157676348547726,0.488982563709523,0.5756951596292481,0.26119179041366203,0.13043478260869565,0.22328244274809156,0.6170212765957446,0.9983007862033985,0.30353200883002207,0.35555555555555557
0.0018127483143733588,0.0,0.25366568914956017,0.0,0.2157676348547718,0.5489557386472504,0.5087538619979403,0.3101601360383381,0.17391304347826086,0.19083969465648848,0.7446808510638299,1.0000000000000002,0.1509381898454746,0.41777777777777786
0.0019699925412959983,0.0,0.25366568914956017,0.0,0.2157676348547718,0.5393753592642269,0.529351184346035,0.3101601360383381,0.17391304347826086,0.19083969465648848,0.7446808510638299,1.0000000000000002,0.14183222958057395,0.4022222222222223
0.0038756936617201235,0.0,0.25366568914956017,0.0,0.2157676348547718,0.4751868173979691,0.4840370751802266,0.3265920395747893,0.17391304347826086,0.19083969465648848,0.7446808510638299,1.0000000000000002,0.16473509933774835,0.3422222222222222
0.003120157068886684,0.0,0.25366568914956017,0.0,0.2157676348547718,0.411381490707032,0.7353244078269825,0.3265920395747893,0.17391304347826086,0.19083969465648848,0.7446808510638299,0.9853664722292671,0.2762141280353201,0.30000000000000004
0.0037627340848385995,0.0,0.25366568914956017,0.0,0.2157676348547718,0.5468480551829852,0.38311019567456234,0.3265920395747893,0.17391304347826086,0.19083969465648848,0.7446808510638299,1.0000000000000002,0.12113686534216336,0.4444444444444445
0.002085424865134133,0.0,0.25366568914956017,0.0,0.2157676348547718,0.5499137765855527,0.121524201853759,0.38977348161754677,0.17391304347826086,0.19083969465648848,0.7446808510638299,0.9918336292163328,0.092439293598234,0.43555555555555564
0.003339894355258207,0.0,0.25366568914956017,0.0,0.2157676348547718,0.5271124736539566,0.26776519052523173,0.38977348161754677,0.17391304347826086,0.19083969465648848,0.7446808510638299,1.0000000000000002,0.12196467991169979,0.4000000000000001
0.0026380838099365764,0.0,0.25366568914956017,0.0,0.2157676348547718,0.4832343360797088,0.4201853759011329,0.38977348161754677,0.17391304347826086,0.19083969465648848,0.7446808510638299,1.0000000000000002,0.30518763796909487,0.38222222222222224
0.0006726995697869887,0.0,0.10190615835777128,0.0,0.14730290456431538,0.44203870473270757,0.23583934088568487,0.37146832289099657,0.13043478260869565,0.46374045801526714,0.457446808510638,0.9633274156733452,0.22737306843267108,0.3177777777777778
0.0006847261118032305,0.0,0.10190615835777128,0.0,0.14730290456431538,0.5311362329948267,0.14727085478887744,0.37146832289099657,0.13043478260869565,0.46374045801526714,0.457446808510638,0.9449911235100178,0.15480132450331124,0.39111111111111113
0.0004935378130216653,0.35000000000000003,0.20527859237536655,0.0,0.10145228215767632,0.4109982755317111,0.262615859938208,0.5011503241822696,0.0,0.22328244274809156,0.457446808510638,0.9926959168146082,0.29525386313465785,0.26888888888888896
0.0005002816683578758,0.0,0.17338709677419356,0.0,0.2614107883817428,0.5278789040045985,0.3625128733264676,0.4845729250970728,0.17391304347826086,0.07061068702290074,0.8085106382978724,0.9817651534364698,0.10899558498896247,0.38222222222222224
0.0003491069112378256,0.0,0.17338709677419356,0.0,0.2614107883817428,0.5267292584786357,0.36663233779608656,0.4845729250970728,0.17391304347826086,0.07061068702290074,0.8085106382978724,0.9809789500380421,0.13852097130242824,0.3488888888888889
0.00037417157357074105,0.0,0.17338709677419356,0.0,0.2614107883817428,0.47442038704732703,0.32543769309989706,0.4415517100273713,0.17391304347826086,0.07061068702290074,0.8085106382978724,1.0000000000000002,0.17328918322295805,0.35777777777777786
0.0003141512610784684,0.0,0.17338709677419356,0.0,0.2614107883817428,0.4422303123203678,0.446961894953656,0.37296874573743505,0.17391304347826086,0.07061068702290074,0.8085106382978724,1.0000000000000002,0.222682119205298,0.32222222222222224
0.00027076579174884803,0.0,0.17338709677419356,0.0,0.2614107883817428,0.44721210959953994,0.583934088568486,0.40787858396457183,0.17391304347826086,0.07061068702290074,0.8085106382978724,0.9946994674106012,0.24365342163355408,0.30000000000000004
0.0003005511528171107,0.0,0.17338709677419356,0.0,0.2614107883817428,0.47863575397585756,0.35427394438722964,0.3348761923814893,0.17391304347826086,0.07061068702290074,0.8085106382978724,0.9980725336038551,0.18708609271523177,0.34666666666666673
0.0005468142701777276,0.0,0.17338709677419356,0.0,0.2614107883817428,0.46445679248898253,0.4376930998970134,0.3348761923814893,0.17391304347826086,0.07061068702290074,0.8085106382978724,1.0000000000000002,0.22102649006622516,0.3111111111111111
0.0006203222933424211,0.0,0.17338709677419356,0.0,0.2614107883817428,0.4611994634987545,0.572605561277034,0.3348761923814893,0.17391304347826086,0.07061068702290074,0.8085106382978724,1.0000000000000002,0.20860927152317876,0.30444444444444446
7.51939869987461e-05,0.35000000000000003,0.03885630498533725,0.0,0.10995850622406633,0.7051159225905345,0.47785787847579814,0.5372695941583537,0.0,0.1851145038167939,0.3085106382978724,0.9945219376109563,0.10375275938189846,0.6155555555555556
0.00020973390095614382,0.0,0.05241935483870967,0.0,0.2676348547717843,0.5707990036405443,0.5849639546858908,0.46715892660658914,0.0,0.44847328244274803,0.35106382978723394,0.9823991884352016,0.19094922737306844,0.2555555555555556
0.00021479179245830165,0.55,0.12170087976539588,0.0,0.19709543568464716,0.6006897873155775,0.5509783728115345,0.41852703943838715,0.17391304347826086,0.34923664122137404,0.5319148936170215,1.0000000000000002,0.15038631346578366,0.42
0.0002788584181523006,0.0,0.1440615835777126,0.0,0.10995850622406633,0.47001341253113627,0.4696189495365603,0.625994598477753,0.08695652173913043,0.3148854961832061,0.6595744680851063,0.9714430636571139,0.24282560706401762,0.2777777777777778
0.0006215586668207264,0.0,0.1440615835777126,0.0,0.10995850622406633,0.44778693236252154,0.5087538619979403,0.625994598477753,0.08695652173913043,0.3148854961832061,0.6595744680851063,0.918108039563784,0.3018763796909492,0.27111111111111114
0.0001391482151038082,0.85,0.13526392961876835,0.0,0.08298755186721984,0.5662004215366928,0.2554067971163749,0.6734352408406006,0.13043478260869565,0.31297709923664113,0.5638297872340423,0.9886634542226732,0.12775938189845476,0.4022222222222223
9.767350478611415e-05,0.8,0.05681818181818181,0.0,0.0954356846473029,0.5890017244682889,0.2760041194644696,0.6560394292937101,0.13043478260869565,0.17748091603053434,0.46808510638297873,0.9848846056302308,0.1175496688741722,0.4333333333333334
0.0008225255558397966,0.6,0.045087976539589444,0.0,0.0456431535269709,0.5782716995593026,0.33985581874356335,0.8712182524165902,0.13043478260869565,0.42748091603053434,0.6063829787234043,0.933756023332488,0.10375275938189846,0.42444444444444446
0.0007431728580503874,0.6,0.045087976539589444,0.0,0.0456431535269709,0.4451044261352751,0.16065911431513905,0.8712182524165902,0.13043478260869565,0.42748091603053434,0.6063829787234043,0.9884098402231803,0.1672185430463576,0.3022222222222223
0.00012105220328497691,0.9,0.057184750733137835,0.0,0.0435684647302903,0.6068212301207127,0.34191555097837284,1.0,0.17391304347826086,0.0,0.46808510638297873,0.9684504184630992,0.07643487858719647,0.5577777777777778
0.0004123867538092667,0.8,0.05315249266862171,0.0,0.049792531120331884,0.40275914926231093,0.1956745623069001,0.85988778655803,0.13043478260869565,0.28053435114503816,1.0,0.9642404260715193,0.17439293598233996,0.29333333333333333
0.10089526927539973,0.0,0.6466275659824048,1.0,0.7904564315352697,0.5079517148879095,0.9732234809474769,0.09026180105302405,1.0,0.91412213740458,0.8085106382978724,0.9513821962972357,0.43791390728476826,0.2844444444444445
0.04319866453680729,0.0,0.6466275659824048,1.0,0.7904564315352697,0.5430159034297758,0.9073120494335736,0.1250897980339914,1.0,0.91412213740458,0.8085106382978724,0.9858990616282018,0.31843267108167767,0.3711111111111111
0.05839560534419064,0.0,0.6466275659824048,1.0,0.7904564315352697,0.4916650699367694,0.8290422245108137,0.14486809919159038,1.0,0.91412213740458,0.8085106382978724,0.9962718742074562,0.26903973509933776,0.39333333333333337
0.050979050438193244,0.0,0.6466275659824048,0.0,0.7904564315352697,0.5435907261927572,0.8764160659114315,0.12627194936754904,1.0,0.91412213740458,0.8085106382978724,0.9433426325133148,0.1672185430463576,0.4444444444444445
0.04305412123743452,0.0,0.6466275659824048,0.0,0.7904564315352697,0.515424410806668,0.9083419155509783,0.10602078767652705,1.0,0.91412213740458,0.8085106382978724,0.882703525234593,0.34381898454746135,0.3311111111111111
0.041271270681718354,0.0,0.6466275659824048,0.0,0.7904564315352697,0.34508526537650897,0.96086508753862,0.08857041529885697,1.0,0.91412213740458,0.8085106382978724,0.9591427846817145,0.2334437086092715,0.35111111111111115
0.04738761027889438,0.0,0.6466275659824048,1.0,0.7904564315352697,0.42958421153477666,0.8867147270854789,0.07048349989542509,1.0,0.91412213740458,0.8085106382978724,0.8887648998224703,0.35623620309050774,0.26222222222222225
0.038979034252940435,0.0,0.6466275659824048,1.0,0.6825726141078837,0.9999999999999999,0.82389289392379,0.07048349989542509,1.0,0.91412213740458,0.8085106382978724,0.8925944712148112,0.09823399558498896,0.37555555555555553
0.05113584507476013,0.0,0.6466275659824048,0.0,0.6825726141078837,0.0,0.8753861997940269,0.043976029608344167,1.0,0.91412213740458,0.8085106382978724,0.8929748922140502,0.14873068432671083,0.5
0.041481791365797056,0.0,0.6466275659824048,0.0,0.6825726141078837,0.26863383789998085,0.9114315139031927,0.05662504887741092,1.0,0.91412213740458,0.8085106382978724,0.7949023586101952,0.33857615894039733,0.37555555555555553
0.07342305058745724,0.0,0.6466275659824048,1.0,0.5020746887966806,0.6620042153669284,0.9742533470648815,0.006620047467922774,1.0,0.91412213740458,0.8085106382978724,0.9876997210246007,0.033940397350993384,1.0
0.1036977907579509,0.0,0.6466275659824048,0.0,0.5020746887966806,0.5087181452385515,1.0,0.003591921359655914,1.0,0.91412213740458,0.8085106382978724,0.9220136951559726,0.2152317880794702,1.0
0.09285086143760114,0.0,0.6466275659824048,1.0,0.578838174273859,0.4433799578463308,0.8928939237899073,0.0,1.0,0.91412213740458,0.8085106382978724,0.8756784174486432,0.19729580573951436,1.0
0.12478133049072339,0.0,0.6466275659824048,0.0,0.578838174273859,0.25771220540333384,1.0,0.004055688421282358,1.0,0.91412213740458,0.8085106382978724,1.0000000000000002,0.9116997792494481,0.1955555555555556
0.20784427269093766,0.0,0.6466275659824048,0.0,0.578838174273859,0.11055757808009192,1.0,0.0006729169129481988,1.0,0.91412213740458,0.8085106382978724,1.0000000000000002,0.9999999999999998,0.1955555555555556
0.11034262381830795,0.0,0.6466275659824048,0.0,0.5850622406639004,0.6194673309063038,0.9876416065911431,0.020769489583428072,1.0,0.91412213740458,0.8085106382978724,1.0000000000000002,0.5383554083885209,0.18444444444444447
0.26572903099341033,0.0,0.6466275659824048,0.0,0.5850622406639004,0.5401417896148687,0.96086508753862,0.023324755158271884,1.0,0.91412213740458,0.8085106382978724,1.0000000000000002,0.6059602649006623,0.18
0.2007463649495762,0.0,0.6466275659824048,0.0,0.5850622406639004,0.5100593983521747,1.0,0.023324755158271884,1.0,0.91412213740458,0.8085106382978724,0.9919857976160285,0.5532560706401766,0.11555555555555554
1.0,0.0,0.6466275659824048,0.0,0.5850622406639004,0.652807051159226,0.9165808444902164,0.02608917058443745,1.0,0.91412213740458,0.8085106382978724,1.0000000000000002,0.4271523178807947,0.12000000000000001
0.17835339330568953,0.0,0.6466275659824048,0.0,0.5850622406639004,0.5717570415788465,0.9907312049433572,0.03542816611954279,1.0,0.91412213740458,0.8085106382978724,1.0000000000000002,0.5339403973509933,0.13111111111111112
0.10318885447524488,0.0,0.6466275659824048,0.0,0.6452282157676347,0.37842498562943094,1.0,0.04099337085906028,1.0,0.91412213740458,0.8085106382978724,1.0000000000000002,0.6034768211920529,0.14
0.22567839812754611,0.0,0.6466275659824048,0.0,0.6452282157676347,0.15462732324200046,0.9093717816683832,0.028180669097654806,1.0,0.91412213740458,0.8085106382978724,0.7183109307633782,0.7974613686534215,0.08444444444444445
0.18888954329262894,0.0,0.6466275659824048,0.0,0.6452282157676347,0.3287986204253689,0.98043254376931,0.026962143876910774,1.0,0.91412213740458,0.8085106382978724,1.0000000000000002,0.8024282560706402,0.048888888888888885
0.27410939522454114,0.0,0.6466275659824048,0.0,0.6452282157676347,0.2090438781375743,1.0,0.030699560785312233,1.0,0.91412213740458,0.8085106382978724,1.0000000000000002,0.7326158940397351,0.12222222222222222
0.2539149204202591,0.0,0.6466275659824048,0.0,0.6452282157676347,0.27572331864341826,0.8918640576725025,0.03535541834517002,1.0,0.91412213740458,0.8085106382978724,1.0000000000000002,0.8349889624724061,0.05333333333333333
0.0915525568877917,0.0,0.6466275659824048,0.0,0.6452282157676347,0.350450277831002,0.9886714727085479,0.05442442870263438,1.0,0.91412213740458,0.8085106382978724,1.0000000000000002,0.5275938189845475,0.1444444444444445
0.07818185210545413,0.0,0.6466275659824048,0.0,0.6452282157676347,0.4123395286453343,0.9691040164778579,0.07246587674708328,1.0,0.91412213740458,0.8085106382978724,0.9937357342125287,0.4243929359823399,0.22444444444444445
0.05942157053600612,0.0,0.6466275659824048,0.0,0.6452282157676347,0.47710289327457367,0.819773429454171,0.0944084241922724,1.0,0.91412213740458,0.8085106382978724,0.9530306872939387,0.46992273730684325,0.40444444444444444
0.13006176921897614,0.0,0.6466275659824048,0.0,0.6452282157676347,0.2826211917991952,0.9691040164778579,0.05823459338540864,1.0,0.91412213740458,0.8085106382978724,1.0000000000000002,0.6608719646799117,0.10444444444444444
0.09790313306031209,0.0,0.6466275659824048,0.0,0.6307053941908712,0.5575780800919717,0.9876416065911431,0.05420618537951606,1.0,0.91412213740458,0.8085106382978724,0.9875221912249558,0.42466887417218546,0.18
0.06592939093544917,0.0,0.6466275659824048,0.0,0.6307053941908712,0.5449319793063806,0.9588053553038105,0.04975947767098003,1.0,0.91412213740458,0.8085106382978724,1.0000000000000002,0.4867549668874172,0.16666666666666669
0.08616061975131359,0.0,0.6466275659824048,0.0,0.6307053941908712,0.4188541866257903,0.9886714727085479,0.04581291091125682,1.0,0.91412213740458,0.8085106382978724,0.9903626680192748,0.5019315673289184,0.07777777777777777
0.43099394986258266,0.0,0.6466275659824048,0.0,0.6307053941908712,0.3625215558536118,1.0,0.03273649846775002,1.0,0.91412213740458,0.8085106382978724,1.0000000000000002,0.7963576158940397,0.0
0.1113885957809542,0.0,0.6466275659824048,0.0,0.6307053941908712,0.43897298333014,0.7713697219361483,0.0337185934217825,1.0,0.91412213740458,0.8085106382978724,0.8510271366979458,0.7792494481236203,0.028888888888888895
0.28144108995089123,0.0,0.6466275659824048,0.0,0.6307053941908712,0.46484000766430345,1.0,0.041757222489974447,1.0,0.91412213740458,0.8085106382978724,1.0000000000000002,0.6909492273730684,0.013333333333333322
0.10778243153750461,0.0,0.6466275659824048,0.0,0.6307053941908712,0.5447403717187201,1.0,0.04632214533186625,1.0,0.91412213740458,0.8085106382978724,0.9472736495054528,0.5126931567328918,0.1577777777777778
0.27869409287727487,0.0,0.6466275659824048,0.0,0.6307053941908712,0.3425943667369228,0.9588053553038105,0.052123780338095296,1.0,0.91412213740458,0.8085106382978724,1.0000000000000002,0.49779249448123614,0.07333333333333335
0.46670715977137434,0.0,0.6466275659824048,0.0,0.6307053941908712,0.37746694769112843,0.8496395468589084,0.043448608244141526,1.0,0.91412213740458,0.8085106382978724,0.8289627187420745,0.7077814569536423,0.07777777777777777
0.7633423805899254,0.0,0.6466275659824048,0.0,0.6307053941908712,0.4065913010155201,1.0,0.02689848957433459,1.0,0.91412213740458,0.8085106382978724,0.9697438498605124,0.5863686534216335,0.0
0.0831469031991501,0.0,0.6466275659824048,0.0,0.4315352697095435,0.3939452002299292,0.9783728115345005,0.02956287681073759,1.0,0.91412213740458,0.8085106382978724,0.7913771240172458,0.6807395143487858,0.27111111111111114
0.5746830275594392,0.0,0.6466275659824048,0.0,0.4315352697095435,0.42077026250239513,1.0,0.02577089907155654,1.0,0.91412213740458,0.8085106382978724,0.0,0.23123620309050769,0.22222222222222227
0.157855445011278,0.0,0.6466275659824048,0.0,0.4315352697095435,0.5932170913968192,1.0,0.036182924278660364,1.0,0.91412213740458,0.8085106382978724,0.08229774283540452,0.5378035320088299,0.27111111111111114
0.211360069272882,0.0,0.6466275659824048,0.0,0.4315352697095435,0.20444529603372297,1.0,0.03858360083296204,1.0,0.91412213740458,0.8085106382978724,0.066421506467157,0.9006622516556291,0.2866666666666667
0.3220132476294224,0.0,0.6466275659824048,0.0,0.4315352697095435,0.3054224947307914,1.0,0.04181178332075404,1.0,0.91412213740458,0.8085106382978724,0.5284554907430891,0.5063465783664458,0.2511111111111112
0.5141040990501504,0.0,0.6466275659824048,0.0,0.6307053941908712,0.18356006897873156,1.0,0.048068091916812924,1.0,0.91412213740458,0.8085106382978724,0.21727111336545776,0.9726821192052979,0.04444444444444444
0.2031955084125099,0.0,0.6466275659824048,0.0,0.6016597510373446,0.5504885993485343,1.0,0.06411806963780702,1.0,0.91412213740458,0.8085106382978724,0.0625158508749683,0.7538631346578366,0.048888888888888885
0.12170276052974331,0.0,0.6466275659824048,0.0,0.6016597510373446,0.6171680398543783,0.9052523171987641,0.06273586192472423,1.0,0.91412213740458,0.8085106382978724,0.04811057570377886,0.6639072847682119,0.055555555555555566
0.2914950542812916,0.0,0.6466275659824048,0.0,0.6016597510373446,0.3339720252922017,0.8877445932028836,0.04709509043457703,1.0,0.91412213740458,0.8085106382978724,0.3164088257671824,0.6873620309050772,0.12000000000000001
0.8264345191878419,0.0,0.6466275659824048,0.0,0.6016597510373446,0.45909178003448925,1.0,0.061199065191099314,1.0,0.91412213740458,0.8085106382978724,0.03512553892974893,0.5212472406181015,0.08444444444444445
0.13269636870365567,0.0,0.6466275659824048,0.0,0.6825726141078837,0.625215558536118,0.7579814624098867,0.06041702661659197,1.0,0.91412213740458,0.8085106382978724,0.11628201876743598,0.579746136865342,0.07555555555555556
0.12454866748162413,0.0,0.6466275659824048,0.0,0.6825726141078837,0.5460816248323433,1.0,0.06631868981258356,1.0,0.91412213740458,0.8085106382978724,0.8018006593963988,0.3667218543046357,0.26
0.07886118313298839,0.0,0.6466275659824048,0.0,0.6825726141078837,0.4684805518298526,0.9515962924819773,0.06774636488464932,1.0,0.91412213740458,0.8085106382978724,0.8049201115901599,0.385485651214128,0.20444444444444443
0.13534782782667573,0.0,0.6466275659824048,0.0,0.46680497925311204,0.3998850354474036,0.8722966014418125,0.0747119642808428,1.0,0.91412213740458,0.8085106382978724,0.7328176515343647,0.3413355408388521,0.35111111111111115
0.09875027368812907,0.0,0.6466275659824048,0.0,0.4045643153526971,0.3839816056715847,0.6972193614830071,0.08492393310842146,1.0,0.91412213740458,0.8085106382978724,0.0026629469946741063,0.4257726269315673,0.1488888888888889
0.1781949127052886,0.0,0.6466275659824048,0.0,0.6016597510373446,0.4474037171872006,0.9526261585993822,0.07092908001345834,1.0,0.91412213740458,0.8085106382978724,0.012883591174232817,0.6252759381898454,0.07333333333333335
0.0827335048670404,0.0,0.6466275659824048,0.0,0.6016597510373446,0.5043111707223605,0.7744593202883624,0.07329338268057363,1.0,0.91412213740458,0.8085106382978724,0.23872685772254632,0.5460816777041941,0.13333333333333336
0.11302679063970864,0.0,0.6466275659824048,0.0,0.4045643153526971,0.6269400268250623,0.94129763130793,0.087170020642181,1.0,0.91412213740458,0.8085106382978724,0.1996703018006594,0.49558498896247244,0.20222222222222225
0.07235853302263642,0.0,0.6466275659824048,0.0,0.4045643153526971,0.54876413105959,0.7404737384140061,0.09737289599796307,1.0,0.91412213740458,0.8085106382978724,0.24182094851635813,0.2842163355408388,0.2466666666666667
0.062658845892565,0.0,0.6466275659824048,0.0,0.6721991701244813,0.550871814523855,0.8753861997940269,0.10786676245123626,1.0,0.91412213740458,0.8085106382978724,0.2475019021049962,0.3998344370860927,0.20666666666666672
0.15631222611517515,0.0,0.6466275659824048,0.0,0.6721991701244813,0.5071852845372676,0.9485066941297631,0.09935527284962127,1.0,0.91412213740458,0.8085106382978724,0.2486178037027644,0.3708609271523179,0.1488888888888889
0.12536916988086305,0.0,0.6466275659824048,0.0,0.7282157676348547,0.5878520789423259,0.9443872296601441,0.09048913784793895,1.0,0.91412213740458,0.8085106382978724,0.272001014455998,0.5943708609271523,0.1866666666666667
0.16201527977783042,0.0,0.6466275659824048,0.0,0.7282157676348547,0.5556620042153669,0.9309989701338826,0.07938600878429379,1.0,0.91412213740458,0.8085106382978724,0.06312452447375096,0.4503311258278146,0.10222222222222223
0.170517033405013,0.0,0.6466275659824048,0.0,0.7282157676348547,0.4964552596282813,1.0,0.07134737971610182,1.0,0.91412213740458,0.8085106382978724,0.017042860765914283,0.6821192052980132,0.08222222222222221
0.1536675108474913,0.0,0.6466275659824048,0.0,0.7282157676348547,0.45487641310595894,0.8753861997940269,0.06283589011448683,1.0,0.91412213740458,0.8085106382978724,0.16827288866345425,0.8910044150110377,0.07555555555555556
0.10547738178358788,0.0,0.6466275659824048,0.0,0.7282157676348547,0.39586127610653377,0.9371781668383111,0.0625267120734025,1.0,0.91412213740458,0.8085106382978724,1.0000000000000002,0.5836092715231787,0.17333333333333334
0.11195047132804946,0.0,0.6466275659824048,0.0,0.7282157676348547,0.5602605863192184,1.0,0.07718538860951722,1.0,0.91412213740458,0.8085106382978724,0.9742074562515852,0.47240618101545256,0.23111111111111116
0.14382373000840284,0.0,0.6466275659824048,0.0,0.7282157676348547,0.4393561985054609,0.9649845520082388,0.06965599396193474,1.0,0.91412213740458,0.8085106382978724,0.6033984275932032,0.6087196467991169,0.1288888888888889
0.11987742368540903,0.0,0.6466275659824048,0.0,0.7282157676348547,0.555278789040046,0.9464469618949536,0.07804926843019398,1.0,0.91412213740458,0.8085106382978724,0.10261222419477557,0.613962472406181,0.15111111111111114
0.0706053554303996,0.0,0.6466275659824048,0.0,0.7282157676348547,0.5326690936961104,0.9629248197734295,0.08569687821113224,1.0,0.91412213740458,0.8085106382978724,0.7999239158001522,0.44315673289183216,0.22000000000000003
0.11148188577977175,0.0,0.6466275659824048,0.0,0.7282157676348547,0.515424410806668,0.9649845520082388,0.09715465267484473,1.0,0.91412213740458,0.8085106382978724,0.9787471468425057,0.4059050772626932,0.16888888888888892
0.10478568702127058,0.0,0.6466275659824048,0.0,0.6721991701244813,0.5027783100210766,0.9866117404737385,0.10293810073748057,1.0,0.91412213740458,0.8085106382978724,1.0000000000000002,0.4525386313465783,0.20222222222222225
0.08451950255524679,0.0,0.6466275659824048,0.0,0.6721991701244813,0.5472312703583061,0.9824922760041195,0.09597250134128711,1.0,0.91412213740458,0.8085106382978724,0.7649251838701496,0.4850993377483443,0.1777777777777778
0.0571412482516555,0.0,0.6466275659824048,0.0,0.6721991701244813,0.5242383598390495,0.9155509783728115,0.1126317416726532,1.0,0.91412213740458,0.8085106382978724,0.9700481866599037,0.4288079470198675,0.2466666666666667
0.10685987212751101,0.0,0.6466275659824048,0.0,0.6721991701244813,0.6068212301207127,0.9392378990731204,0.12426229210050109,1.0,0.91412213740458,0.8085106382978724,0.010347451179305097,0.46854304635761584,0.22000000000000003
0.05334445769736904,0.0,0.6466275659824048,0.0,0.6721991701244813,0.5679248898256372,0.8609680741503605,0.11877892860715293,1.0,0.91412213740458,0.8085106382978724,0.12254628455490744,0.4525386313465783,0.20222222222222225
0.05240548823939068,0.0,0.6466275659824048,0.0,0.6721991701244813,0.4627323242000384,0.8753861997940269,0.13194627576862572,1.0,0.91412213740458,0.8085106382978724,0.01998478316003044,0.4768211920529802,0.1711111111111111
0.09210150671215922,0.0,0.6466275659824048,0.0,0.6721991701244813,0.4550680206936194,0.7971163748712667,0.1500059107566678,1.0,0.91412213740458,0.8085106382978724,0.0022825259954349485,0.4197019867549669,0.18888888888888888
0.07637247571874886,0.0,0.6466275659824048,0.0,0.6721991701244813,0.48285112090438786,0.839340885684861,0.14439523865816728,1.0,0.91412213740458,0.8085106382978724,1.0000000000000002,0.35789183222958054,0.33333333333333337
0.04143863069164531,0.0,0.6466275659824048,0.0,0.6721991701244813,0.5393753592642269,0.8805355303810505,0.1307186570760851,1.0,0.91412213740458,0.8085106382978724,0.9861273142277455,0.3565121412803532,0.2822222222222222
0.07472866098054758,0.0,0.6466275659824048,0.0,0.6721991701244813,0.5280705115922592,0.8249227600411946,0.14593203539179223,1.0,0.91412213740458,0.8085106382978724,1.0000000000000002,0.3383002207505519,0.32222222222222224
0.06535728720776066,0.0,0.6466275659824048,0.0,0.6721991701244813,0.5656255987737114,0.8959835221421216,0.1520428484391056,1.0,0.91412213740458,0.8085106382978724,0.9921886888156226,0.23620309050772625,0.3377777777777778
0.08804103141422692,0.0,0.6466275659824048,0.0,0.5518672199170126,0.5073768921249281,0.6436663233779609,0.16675608580599988,1.0,0.91412213740458,0.8085106382978724,1.0000000000000002,0.3170529801324503,0.36444444444444446
0.04963432568415288,0.0,0.6466275659824048,0.0,0.4045643153526971,0.467905729066871,0.9433573635427395,0.12828160663459703,1.0,0.91412213740458,0.8085106382978724,0.8336038549327924,0.5405629139072847,0.3133333333333334
0.1749960773241461,0.0,0.6466275659824048,0.0,0.3962655601659749,0.4531519448170148,0.7013388259526261,0.16175467631787138,1.0,0.91412213740458,0.8085106382978724,0.9285822977428355,0.4525386313465783,0.3133333333333334
0.14688993623459987,0.0,0.6466275659824048,0.0,0.3962655601659749,0.4123395286453343,0.5540679711637487,0.1540525057061536,1.0,0.91412213740458,0.8085106382978724,1.0000000000000002,0.3595474613686534,0.3355555555555556
0.04880831580305605,0.0,0.6466275659824048,0.0,0.3962655601659749,0.4993293734431884,0.835221421215242,0.17312151606361792,1.0,0.91412213740458,0.8085106382978724,1.0000000000000002,0.401766004415011,0.3311111111111111
0.0453197194376344,0.0,0.6466275659824048,0.0,0.29668049792531115,0.5112090438781375,0.9042224510813595,0.17911411397757548,1.0,0.91412213740458,0.8085106382978724,0.9960182602079636,0.3073951434878587,0.3244444444444445
0.04004006749250421,0.0,0.6466275659824048,0.0,0.3962655601659749,0.5510634221115157,0.7425334706488156,0.16067255317407636,1.0,0.91412213740458,0.8085106382978724,0.9910474258179052,0.3485099337748344,0.40444444444444444
0.09047410202194271,0.0,0.6466275659824048,0.0,0.4045643153526971,0.3575397585744394,0.9526261585993822,0.11823332029935711,1.0,0.91412213740458,0.8085106382978724,0.8875982754248034,0.4528145695364238,0.1955555555555556
0.07178609210218109,0.0,0.6466275659824048,0.0,0.4045643153526971,0.4983713355048859,0.9732234809474769,0.09788213041857251,1.0,0.91412213740458,0.8085106382978724,0.7612477808775044,0.6172737306843268,0.18444444444444447
0.05468243859607319,0.0,0.6466275659824048,0.0,0.46680497925311204,0.5600689787315577,0.9340885684860968,0.10691194791259355,1.0,0.91412213740458,0.8085106382978724,0.9982500634035,0.46771523178807944,0.26
0.16878835848716442,0.0,0.6466275659824048,0.0,0.46680497925311204,0.3339720252922017,0.972193614830072,0.08830670461675562,1.0,0.91412213740458,0.8085106382978724,0.8797362414405276,0.63962472406181,0.15555555555555556
0.1149454174828605,0.0,0.6466275659824048,0.0,0.46680497925311204,0.5027783100210766,0.9660144181256437,0.09465394793078051,1.0,0.91412213740458,0.8085106382978724,0.9563783920872433,0.44977924944812364,0.21333333333333332
0.06538943291819659,0.0,0.6466275659824048,0.0,0.29668049792531115,0.5136999425177237,0.6364572605561277,0.20865880384471985,1.0,0.91412213740458,0.8085106382978724,1.0000000000000002,0.24862030905077265,0.4000000000000001
0.06408753164554117,0.0,0.6466275659824048,0.0,0.29668049792531115,0.6110365970492432,0.741503604531411,0.20024734243286746,1.0,0.91412213740458,0.8085106382978724,0.9902865838194269,0.16583885209713026,0.4155555555555555
0.03160687639457309,0.0,0.6466275659824048,0.0,0.29668049792531115,0.4217283004406974,0.38516992790937177,0.2699578972255818,1.0,0.91412213740458,0.8085106382978724,0.9899061628201877,0.23979028697571741,0.37333333333333335
0.026663518035541914,0.0,0.6466275659824048,0.0,0.4024896265560164,0.44261352749568894,0.4016477857878476,0.23592103229091838,1.0,0.91412213740458,0.8085106382978724,0.9336292163327417,0.320364238410596,0.34666666666666673
0.04122012977875209,0.0,0.6466275659824048,0.0,0.4024896265560164,0.5271124736539566,0.5046343975283213,0.2602642562904091,1.0,0.91412213740458,0.8085106382978724,0.9790007608419985,0.24420529801324503,0.36
0.06390286240691793,0.0,0.6466275659824048,0.0,0.4024896265560164,0.48917417129718344,0.791967044284243,0.21972555902117868,1.0,0.91412213740458,0.8085106382978724,0.9892974892214051,0.36561810154525387,0.3133333333333334
0.054280729613212925,0.0,0.6466275659824048,0.0,0.4024896265560164,0.44912818547614497,0.518022657054583,0.18393365402977202,1.0,0.91412213740458,0.8085106382978724,0.9779863048440275,0.2682119205298013,0.34666666666666673
0.0016245947504930883,0.0,1.0,0.0,0.4564315352697096,0.36271316344127225,0.9248197734294542,0.0628631705298766,0.13043478260869565,1.0,0.7978723404255321,0.9954095866091809,0.45060706401766,0.22666666666666668
0.001989999312126756,0.0,1.0,0.0,0.4564315352697096,0.35504885993485324,0.9824922760041195,0.056906946503105446,0.13043478260869565,1.0,0.7978723404255321,0.8659650012680701,0.6136865342163356,0.04444444444444444
0.002260765103875604,0.0,1.0,0.0,0.4564315352697096,0.2935428242958421,0.9794026776519054,0.06301775955041876,0.13043478260869565,1.0,0.7978723404255321,0.8009890945980219,0.7712472406181015,0.06888888888888887
0.0011174568292100654,0.0,1.0,0.0,0.4564315352697096,0.4640735773136616,0.9876416065911431,0.06715528921787052,0.13043478260869565,1.0,0.7978723404255321,0.9827796094344409,0.4508830022075055,0.19111111111111112
0.0011801746838368222,0.0,1.0,0.0,0.4564315352697096,0.4640735773136616,0.8300720906282183,0.08914330402204261,0.13043478260869565,1.0,0.7978723404255321,1.0000000000000002,0.3206401766004415,0.3355555555555556
0.0018769273376562944,0.0,0.33834310850439886,0.0,0.4066390041493776,0.41118988311937155,0.5262615859938208,0.11385936036519383,0.21739130434782608,0.38931297709923657,0.7021276595744679,1.0000000000000002,0.2836644591611479,0.37333333333333335
0.0030712641176991583,0.0,0.33834310850439886,0.0,0.4066390041493776,0.4531519448170148,0.4088568486096808,0.11385936036519383,0.21739130434782608,0.38931297709923657,0.7021276595744679,1.0000000000000002,0.3272626931567329,0.4333333333333334
0.0019407691681724197,0.0,0.33834310850439886,0.0,0.4066390041493776,0.40410040237593414,0.266735324407827,0.15177004428520763,0.21739130434782608,0.38931297709923657,0.7021276595744679,0.990844534618311,0.43791390728476826,0.4022222222222223
0.0031839988994028096,0.0,0.33834310850439886,0.0,0.4066390041493776,0.350450277831002,0.7209062821833162,0.15177004428520763,0.21739130434782608,0.38931297709923657,0.7021276595744679,1.0000000000000002,0.5355960264900663,0.32666666666666666
0.0029454912156788343,0.0,0.33834310850439886,0.0,0.4066390041493776,0.42785974324583254,0.6972193614830071,0.16032700124580562,0.21739130434782608,0.38931297709923657,0.7021276595744679,1.0000000000000002,0.3413355408388521,0.29555555555555557
0.00261661587044964,0.0,0.33834310850439886,0.0,0.4066390041493776,0.47097145046943856,0.6426364572605561,0.11635097163746148,0.21739130434782608,0.38931297709923657,0.7021276595744679,1.0000000000000002,0.3087748344370861,0.36
0.001927731047855746,0.0,0.33834310850439886,0.0,0.4066390041493776,0.3847480360222265,0.7270854788877446,0.11551437223217455,0.21739130434782608,0.38931297709923657,0.7021276595744679,0.9971341618057318,0.3689293598233995,0.2777777777777778
0.0024509418243567373,0.0,0.33834310850439886,0.0,0.4066390041493776,0.47250431117072245,0.7909371781668383,0.12445325500822961,0.21739130434782608,0.38931297709923657,0.7021276595744679,1.0000000000000002,0.347682119205298,0.26222222222222225
0.0004377886089089926,0.0,0.42045454545454547,0.0,0.3817427385892115,0.4903238168231462,0.7600411946446962,0.10529330993279927,0.0,0.1641221374045801,0.8936170212765959,1.0000000000000002,0.20281456953642385,0.34666666666666673
0.0006118924741721581,0.0,0.42045454545454547,0.0,0.3817427385892115,0.6543399118605097,0.9073120494335736,0.09438114377688257,0.0,0.1641221374045801,0.8936170212765959,1.0000000000000002,0.10789183222958057,0.42
0.0011607299009507488,0.0,0.42045454545454547,0.0,0.3817427385892115,0.6194673309063038,0.8898043254376931,0.11451409033454883,0.0,0.1641221374045801,0.8936170212765959,0.9912503170174994,0.13107064017660044,0.3777777777777778
